-- MySQL dump 10.13  Distrib 8.0.22, for Win64 (x86_64)
--
-- Host: localhost    Database: vk
-- ------------------------------------------------------
-- Server version	8.0.22

/*!40101 SET @OLD_CHARACTER_SET_CLIENT=@@CHARACTER_SET_CLIENT */;
/*!40101 SET @OLD_CHARACTER_SET_RESULTS=@@CHARACTER_SET_RESULTS */;
/*!40101 SET @OLD_COLLATION_CONNECTION=@@COLLATION_CONNECTION */;
/*!50503 SET NAMES utf8mb4 */;
/*!40103 SET @OLD_TIME_ZONE=@@TIME_ZONE */;
/*!40103 SET TIME_ZONE='+00:00' */;
/*!40014 SET @OLD_UNIQUE_CHECKS=@@UNIQUE_CHECKS, UNIQUE_CHECKS=0 */;
/*!40014 SET @OLD_FOREIGN_KEY_CHECKS=@@FOREIGN_KEY_CHECKS, FOREIGN_KEY_CHECKS=0 */;
/*!40101 SET @OLD_SQL_MODE=@@SQL_MODE, SQL_MODE='NO_AUTO_VALUE_ON_ZERO' */;
/*!40111 SET @OLD_SQL_NOTES=@@SQL_NOTES, SQL_NOTES=0 */;

--
-- Table structure for table `communities`
--

DROP TABLE IF EXISTS `communities`;
/*!40101 SET @saved_cs_client     = @@character_set_client */;
/*!50503 SET character_set_client = utf8mb4 */;
CREATE TABLE `communities` (
  `id` int unsigned NOT NULL AUTO_INCREMENT COMMENT '╨Ш╨┤╨╡╨╜╤В╨╕╤Д╨╕╨║╨░╤В╨╛╤А ╤Б╤А╨╛╨║╨╕',
  `name` varchar(150) CHARACTER SET utf8 COLLATE utf8_unicode_ci NOT NULL COMMENT '╨Э╨░╨╖╨▓╨░╨╜╨╕╨╡ ╨│╤А╤Г╨┐╨┐╤Л',
  `created_at` datetime DEFAULT CURRENT_TIMESTAMP COMMENT '╨Т╤А╨╡╨╝╤П ╤Б╨╛╨╖╨┤╨░╨╜╨╕╤П ╤Б╤В╤А╨╛╨║╨╕',
  `updated_at` datetime DEFAULT CURRENT_TIMESTAMP ON UPDATE CURRENT_TIMESTAMP COMMENT '╨Т╤А╨╡╨╝╤П ╨╛╨▒╨╜╨╛╨▓╨╗╨╡╨╜╨╕╤П ╤Б╤В╤А╨╛╨║╨╕',
  PRIMARY KEY (`id`),
  UNIQUE KEY `name` (`name`)
) ENGINE=InnoDB AUTO_INCREMENT=101 DEFAULT CHARSET=utf8 COLLATE=utf8_unicode_ci COMMENT='╨У╤А╤Г╨┐╨┐╤Л';
/*!40101 SET character_set_client = @saved_cs_client */;

--
-- Dumping data for table `communities`
--

LOCK TABLES `communities` WRITE;
/*!40000 ALTER TABLE `communities` DISABLE KEYS */;
INSERT INTO `communities` VALUES (1,'voluptatem','2020-04-25 17:47:59','2016-06-01 03:39:58'),(2,'mollitia','2016-11-03 06:50:26','2018-08-18 19:34:40'),(3,'error','2020-08-18 01:21:06','2017-03-28 14:17:51'),(4,'ullam','2020-04-24 07:45:09','2013-11-02 19:50:58'),(5,'ut','2016-08-24 22:11:12','2018-11-07 06:24:30'),(6,'et','2012-04-03 23:40:08','2017-05-23 04:32:48'),(7,'repudiandae','2016-10-02 14:29:24','2013-06-07 06:08:34'),(8,'omnis','2014-05-18 03:29:05','2019-12-18 15:04:47'),(9,'non','2018-10-16 22:24:49','2011-02-08 06:33:54'),(10,'ipsa','2012-08-19 20:59:44','2018-10-22 20:42:59'),(11,'dolorem','2019-02-21 02:23:14','2011-11-11 22:38:21'),(12,'ducimus','2019-01-16 03:30:53','2013-11-18 11:04:13'),(13,'voluptas','2015-08-13 07:31:58','2017-05-17 06:27:47'),(14,'recusandae','2020-07-24 11:46:40','2011-04-25 10:25:58'),(15,'aliquam','2016-04-10 00:43:45','2015-01-21 03:10:18'),(16,'consequatur','2014-02-21 22:37:46','2011-09-03 05:07:41'),(17,'debitis','2018-08-16 14:23:54','2014-05-20 12:04:23'),(18,'odio','2020-02-12 04:15:06','2018-04-02 01:01:27'),(19,'aut','2016-02-14 06:44:02','2015-01-17 06:58:16'),(20,'qui','2015-08-02 23:32:29','2015-03-02 21:41:32');
/*!40000 ALTER TABLE `communities` ENABLE KEYS */;
UNLOCK TABLES;

--
-- Table structure for table `communities_users`
--

DROP TABLE IF EXISTS `communities_users`;
/*!40101 SET @saved_cs_client     = @@character_set_client */;
/*!50503 SET character_set_client = utf8mb4 */;
CREATE TABLE `communities_users` (
  `community_id` int unsigned NOT NULL COMMENT '╨б╤Б╤Л╨╗╨║╨░ ╨╜╨░ ╨│╤А╤Г╨┐╨┐╤Г',
  `user_id` int unsigned NOT NULL COMMENT '╨б╤Б╤Л╨╗╨║╨░ ╨╜╨░ ╨┐╨╛╨╗╤М╨╖╨╛╨▓╨░╤В╨╡╨╗╤П',
  `created_at` datetime DEFAULT CURRENT_TIMESTAMP COMMENT '╨Т╤А╨╡╨╝╤П ╤Б╨╛╨╖╨┤╨░╨╜╨╕╤П ╤Б╤В╤А╨╛╨║╨╕',
  PRIMARY KEY (`community_id`,`user_id`) COMMENT '╨б╨╛╤Б╤В╨░╨▓╨╜╨╛╨╣ ╨┐╨╡╤А╨▓╨╕╤З╨╜╤Л╨╣ ╨║╨╗╤О╤З'
) ENGINE=InnoDB DEFAULT CHARSET=utf8 COLLATE=utf8_unicode_ci COMMENT='╨г╤З╨░╤Б╤В╨╜╨╕╨║╨╕ ╨│╤А╤Г╨┐╨┐, ╤Б╨▓╤П╨╖╤М ╨╝╨╡╨╢╨┤╤Г ╨┐╨╛╨╗╤М╨╖╨╛╨▓╨░╤В╨╡╨╗╤П╨╝╨╕ ╨╕ ╨│╤А╤Г╨┐╨┐╨░╨╝╨╕';
/*!40101 SET character_set_client = @saved_cs_client */;

--
-- Dumping data for table `communities_users`
--

LOCK TABLES `communities_users` WRITE;
/*!40000 ALTER TABLE `communities_users` DISABLE KEYS */;
INSERT INTO `communities_users` VALUES (1,19,'2011-09-30 18:17:33'),(1,36,'2013-10-20 04:48:20'),(6,96,'2019-05-08 16:49:15'),(12,79,'2019-05-15 10:08:41'),(19,96,'2015-01-17 05:43:07');
/*!40000 ALTER TABLE `communities_users` ENABLE KEYS */;
UNLOCK TABLES;

--
-- Table structure for table `friendship`
--

DROP TABLE IF EXISTS `friendship`;
/*!40101 SET @saved_cs_client     = @@character_set_client */;
/*!50503 SET character_set_client = utf8mb4 */;
CREATE TABLE `friendship` (
  `user_id` int unsigned NOT NULL COMMENT '╨б╤Б╤Л╨╗╨║╨░ ╨╜╨░ ╨╕╨╜╨╕╤Ж╨╕╨░╤В╨╛╤А╨░ ╨┤╤А╤Г╨╢╨╡╤Б╨║╨╕╤Е ╨╛╤В╨╜╨╛╤И╨╡╨╜╨╕╨╣',
  `friend_id` int unsigned NOT NULL COMMENT '╨б╤Б╤Л╨╗╨║╨░ ╨╜╨░ ╨┐╨╛╨╗╤Г╤З╨░╤В╨╡╨╗╤П ╨┐╤А╨╕╨│╨╗╨░╤И╨╡╨╜╨╕╤П ╨┤╤А╤Г╨╢╨╕╤В╤М',
  `friendship_status_id` int unsigned NOT NULL COMMENT '╨б╤Б╤Л╨╗╨║╨░ ╨╜╨░ ╤Б╤В╨░╤В╤Г╤Б (╤В╨╡╨║╤Г╤Й╨╡╨╡ ╤Б╨╛╤Б╤В╨╛╤П╨╜╨╕╨╡) ╨╛╤В╨╜╨╛╤И╨╡╨╜╨╕╨╣',
  `confirmed_at` datetime DEFAULT NULL COMMENT '╨Т╤А╨╡╨╝╤П ╨┐╨╛╨┤╤В╨▓╨╡╤А╨╢╨┤╨╡╨╜╨╕╤П ╨┐╤А╨╕╨│╨╗╨░╤И╨╡╨╜╨╕╤П',
  `created_at` datetime DEFAULT CURRENT_TIMESTAMP COMMENT '╨Т╤А╨╡╨╝╤П ╤Б╨╛╨╖╨┤╨░╨╜╨╕╤П ╤Б╤В╤А╨╛╨║╨╕',
  `updated_at` datetime DEFAULT CURRENT_TIMESTAMP ON UPDATE CURRENT_TIMESTAMP COMMENT '╨Т╤А╨╡╨╝╤П ╨╛╨▒╨╜╨╛╨▓╨╗╨╡╨╜╨╕╤П ╤Б╤В╤А╨╛╨║╨╕',
  PRIMARY KEY (`user_id`,`friend_id`) COMMENT '╨б╨╛╤Б╤В╨░╨▓╨╜╨╛╨╣ ╨┐╨╡╤А╨▓╨╕╤З╨╜╤Л╨╣ ╨║╨╗╤О╤З'
) ENGINE=InnoDB DEFAULT CHARSET=utf8 COLLATE=utf8_unicode_ci COMMENT='╨в╨░╨▒╨╗╨╕╤Ж╨░ ╨┤╤А╤Г╨╢╨▒╤Л';
/*!40101 SET character_set_client = @saved_cs_client */;

--
-- Dumping data for table `friendship`
--

LOCK TABLES `friendship` WRITE;
/*!40000 ALTER TABLE `friendship` DISABLE KEYS */;
INSERT INTO `friendship` VALUES (3,48,2,'2013-09-26 09:26:48','2012-09-21 19:27:05','2020-12-21 21:48:38'),(4,16,2,'2011-03-14 11:25:52','2013-11-26 21:41:03','2020-12-21 21:48:38'),(4,23,2,'2015-08-12 09:38:12','2012-03-15 10:04:40','2020-12-21 21:48:38'),(5,68,2,'2019-06-15 07:45:55','2014-09-16 02:30:21','2020-12-21 21:48:38'),(6,39,1,'2011-05-24 12:07:38','2016-11-15 19:02:21','2020-12-21 21:48:38'),(6,45,1,'2018-11-08 15:49:52','2020-09-10 02:43:42','2020-12-21 21:48:38'),(7,18,1,'2015-09-12 02:50:50','2014-04-10 10:13:13','2020-12-21 21:48:38'),(7,79,1,'2011-04-02 08:05:11','2015-01-13 16:09:02','2020-12-21 21:48:38'),(9,8,1,'2011-08-29 12:40:53','2015-03-06 03:02:55','2020-12-21 21:48:38'),(9,66,1,'2018-09-04 15:04:24','2011-02-04 20:05:08','2020-12-21 21:48:38'),(10,74,1,'2019-01-31 04:55:26','2019-10-25 02:57:36','2020-12-21 21:48:38'),(10,89,3,'2015-05-14 10:35:57','2017-06-06 06:01:40','2020-12-21 21:48:38'),(11,9,2,'2016-02-12 20:12:23','2016-05-31 15:10:07','2020-12-21 21:48:38'),(11,28,1,'2020-09-09 05:57:09','2020-06-13 06:38:25','2020-12-21 21:48:38'),(11,32,3,'2020-01-01 20:36:10','2014-08-06 14:07:07','2020-12-21 21:48:38'),(14,1,2,'2011-08-21 18:46:47','2020-03-08 00:15:27','2020-12-21 21:48:38'),(15,48,3,'2019-06-19 09:43:15','2012-12-31 15:05:00','2020-12-21 21:48:38'),(16,60,2,'2013-06-30 02:48:00','2014-01-19 11:48:18','2020-12-21 21:48:38'),(18,26,1,'2020-03-21 11:42:31','2013-09-12 22:57:32','2020-12-21 21:48:38'),(19,76,2,'2013-11-17 20:07:54','2017-06-22 17:54:54','2020-12-21 21:48:38'),(22,82,3,'2014-02-07 04:30:16','2015-08-27 03:19:10','2020-12-21 21:48:38'),(22,84,3,'2013-02-25 10:53:22','2011-10-09 17:48:27','2020-12-21 21:48:38'),(24,23,3,'2020-10-13 01:34:32','2018-01-23 12:53:25','2020-12-21 21:48:38'),(24,32,3,'2011-10-12 17:23:16','2015-10-18 12:36:43','2020-12-21 21:48:38'),(24,64,1,'2018-06-11 14:53:01','2013-02-07 21:28:56','2020-12-21 21:48:38'),(25,29,2,'2017-02-02 11:53:56','2011-04-25 13:46:22','2020-12-21 21:48:38'),(27,30,3,'2016-07-04 17:49:26','2016-01-18 13:46:14','2020-12-21 21:48:38'),(29,12,2,'2013-08-01 08:03:58','2019-07-12 10:19:29','2020-12-21 21:48:38'),(29,19,2,'2013-08-06 18:33:16','2016-07-28 06:22:02','2020-12-21 21:48:38'),(30,53,1,'2012-02-20 08:08:54','2014-09-23 17:25:06','2020-12-21 21:48:38'),(32,17,1,'2020-05-05 20:31:53','2018-12-09 11:04:14','2020-12-21 21:48:38'),(32,51,1,'2012-07-17 14:43:25','2016-01-25 16:38:20','2020-12-21 21:48:38'),(33,10,1,'2018-08-10 08:54:42','2017-05-10 07:52:39','2020-12-21 21:48:38'),(33,13,3,'2013-05-30 13:05:53','2013-08-16 21:35:28','2020-12-21 21:48:38'),(33,31,2,'2016-05-06 21:40:39','2016-10-06 13:30:33','2020-12-21 21:48:38'),(36,19,2,'2019-12-23 20:07:48','2013-04-28 20:10:50','2020-12-21 21:48:38'),(37,13,3,'2017-09-20 04:17:05','2013-03-14 02:00:26','2020-12-21 21:48:38'),(39,3,1,'2014-09-29 18:59:01','2017-11-16 17:32:20','2020-12-21 21:48:38'),(39,31,3,'2014-08-04 21:10:59','2020-12-03 20:53:34','2020-12-21 21:48:38'),(40,78,3,'2011-10-26 06:17:04','2017-01-21 01:18:21','2020-12-21 21:48:38'),(41,57,1,'2011-04-10 09:23:45','2017-11-14 20:52:46','2020-12-21 21:48:38'),(42,55,1,'2018-06-03 06:47:08','2012-11-20 17:00:54','2020-12-21 21:48:38'),(43,9,2,'2015-03-30 13:00:10','2014-08-26 07:50:45','2020-12-21 21:48:38'),(44,48,1,'2012-10-17 09:36:34','2015-09-13 00:26:05','2020-12-21 21:48:38'),(44,54,2,'2015-10-10 22:15:18','2016-12-13 16:48:35','2020-12-21 21:48:38'),(44,58,1,'2016-10-31 07:05:16','2018-08-11 02:19:41','2020-12-21 21:48:38'),(44,86,3,'2020-04-10 09:56:38','2016-05-18 21:10:37','2020-12-21 21:48:38'),(45,32,3,'2018-02-27 13:38:29','2016-06-05 12:44:51','2020-12-21 21:48:38'),(45,76,1,'2019-07-25 21:53:01','2020-04-08 17:04:50','2020-12-21 21:48:38'),(46,100,2,'2019-10-07 01:54:51','2013-03-16 20:20:00','2020-12-21 21:48:38'),(49,18,2,'2020-05-17 09:14:13','2018-11-13 20:15:39','2020-12-21 21:48:38'),(49,78,1,'2016-01-22 01:47:53','2012-10-08 19:06:37','2020-12-21 21:48:38'),(50,29,1,'2011-05-08 09:42:15','2014-11-23 09:15:21','2020-12-21 21:48:38'),(50,70,1,'2012-04-05 11:57:13','2011-12-28 16:49:04','2020-12-21 21:48:38'),(51,20,2,'2014-06-17 15:00:41','2016-05-21 23:49:15','2020-12-21 21:48:38'),(51,52,2,'2019-08-21 13:50:26','2012-11-08 00:09:45','2020-12-21 21:48:38'),(51,75,2,'2015-02-08 12:50:39','2019-03-14 10:42:32','2020-12-21 21:48:38'),(51,95,1,'2016-05-04 06:52:47','2020-03-02 06:20:35','2020-12-21 21:48:38'),(52,50,1,'2018-11-10 15:31:06','2012-06-22 19:43:43','2020-12-21 21:48:38'),(53,54,3,'2013-05-17 15:48:22','2016-01-05 18:51:39','2020-12-21 21:48:38'),(54,32,1,'2011-03-05 10:19:40','2015-02-14 10:36:32','2020-12-21 21:48:38'),(55,21,1,'2018-04-11 13:02:16','2019-08-26 09:37:59','2020-12-21 21:48:38'),(56,4,1,'2014-03-25 08:14:11','2015-12-21 16:17:18','2020-12-21 21:48:38'),(56,87,3,'2018-01-11 20:56:51','2012-01-02 08:42:33','2020-12-21 21:48:38'),(58,39,2,'2015-12-05 05:24:16','2015-01-06 20:27:45','2020-12-21 21:48:38'),(58,96,3,'2011-03-10 21:09:50','2010-12-22 09:35:16','2020-12-21 21:48:38'),(62,7,3,'2014-12-21 08:48:59','2012-08-15 15:49:21','2020-12-21 21:48:38'),(62,12,3,'2017-09-15 14:40:20','2011-01-14 06:02:40','2020-12-21 21:48:38'),(62,39,3,'2018-01-29 12:21:51','2015-06-25 06:55:38','2020-12-21 21:48:38'),(67,71,2,'2012-09-14 09:14:32','2013-01-02 19:31:28','2020-12-21 21:48:38'),(68,1,2,'2011-02-12 03:02:58','2013-03-16 02:10:25','2020-12-21 21:48:38'),(68,49,1,'2016-05-09 09:58:27','2018-02-20 23:02:45','2020-12-21 21:48:38'),(68,86,2,'2013-01-27 19:03:39','2011-03-29 03:41:32','2020-12-21 21:48:38'),(69,12,2,'2014-12-30 12:47:00','2016-12-15 21:56:11','2020-12-21 21:48:38'),(70,52,2,'2014-05-03 22:25:09','2020-09-14 03:22:48','2020-12-21 21:48:38'),(71,6,3,'2019-06-16 11:10:58','2012-10-06 18:34:51','2020-12-21 21:48:38'),(71,18,3,'2018-06-27 15:08:38','2011-07-29 18:04:38','2020-12-21 21:48:38'),(72,25,2,'2011-12-26 17:52:51','2020-12-07 20:34:26','2020-12-21 21:48:38'),(72,70,1,'2019-05-05 08:26:29','2017-06-29 01:29:12','2020-12-21 21:48:38'),(73,25,2,'2016-12-22 16:53:57','2017-01-31 11:27:10','2020-12-21 21:48:38'),(74,10,2,'2017-09-26 02:08:50','2015-12-22 17:13:36','2020-12-21 21:48:38'),(76,100,3,'2017-02-24 17:41:32','2016-11-09 13:46:21','2020-12-21 21:48:38'),(77,33,2,'2011-07-12 05:12:40','2018-11-06 03:09:45','2020-12-21 21:48:38'),(77,67,1,'2018-01-05 09:56:49','2017-07-04 08:46:30','2020-12-21 21:48:38'),(82,8,1,'2012-12-20 02:20:32','2014-05-20 07:55:36','2020-12-21 21:48:38'),(85,67,1,'2019-10-08 03:31:17','2019-02-03 15:03:39','2020-12-21 21:48:38'),(86,78,2,'2017-01-07 23:42:31','2014-11-24 12:01:12','2020-12-21 21:48:38'),(91,55,1,'2011-01-06 05:32:35','2013-08-07 18:28:28','2020-12-21 21:48:38'),(92,75,1,'2017-08-25 00:42:54','2015-07-03 07:16:42','2020-12-21 21:48:38'),(93,15,1,'2019-09-25 18:47:59','2017-08-30 09:02:29','2020-12-21 21:48:38'),(93,23,1,'2019-12-12 07:39:07','2015-09-14 21:53:11','2020-12-21 21:48:38'),(93,42,3,'2011-04-14 13:59:52','2015-07-08 18:36:24','2020-12-21 21:48:38'),(94,27,3,'2014-08-27 04:07:11','2019-12-25 06:41:22','2020-12-21 21:48:38'),(95,67,2,'2017-02-08 07:08:14','2013-03-26 21:37:49','2020-12-21 21:48:38'),(96,21,3,'2020-11-01 20:37:24','2017-12-28 02:45:56','2020-12-21 21:48:38'),(96,84,1,'2018-09-07 17:16:27','2017-07-25 05:07:04','2020-12-21 21:48:38'),(98,88,2,'2015-03-21 00:13:32','2012-01-17 05:57:08','2020-12-21 21:48:38'),(99,68,3,'2013-08-30 12:28:57','2014-09-19 06:43:00','2020-12-21 21:48:38'),(100,32,3,'2020-02-07 18:32:52','2016-01-17 02:57:23','2020-12-21 21:48:38'),(100,89,3,'2011-07-22 19:46:42','2015-03-11 13:09:23','2020-12-21 21:48:38');
/*!40000 ALTER TABLE `friendship` ENABLE KEYS */;
UNLOCK TABLES;

--
-- Table structure for table `friendship_statuses`
--

DROP TABLE IF EXISTS `friendship_statuses`;
/*!40101 SET @saved_cs_client     = @@character_set_client */;
/*!50503 SET character_set_client = utf8mb4 */;
CREATE TABLE `friendship_statuses` (
  `id` int unsigned NOT NULL AUTO_INCREMENT COMMENT '╨Ш╨┤╨╡╨╜╤В╨╕╤Д╨╕╨║╨░╤В╨╛╤А ╤Б╤В╤А╨╛╨║╨╕',
  `name` varchar(150) CHARACTER SET utf8 COLLATE utf8_unicode_ci NOT NULL COMMENT '╨Э╨░╨╖╨▓╨░╨╜╨╕╨╡ ╤Б╤В╨░╤В╤Г╤Б╨░',
  `created_at` datetime DEFAULT CURRENT_TIMESTAMP COMMENT '╨Т╤А╨╡╨╝╤П ╤Б╨╛╨╖╨┤╨░╨╜╨╕╤П ╤Б╤В╤А╨╛╨║╨╕',
  `updated_at` datetime DEFAULT CURRENT_TIMESTAMP ON UPDATE CURRENT_TIMESTAMP COMMENT '╨Т╤А╨╡╨╝╤П ╨╛╨▒╨╜╨╛╨▓╨╗╨╡╨╜╨╕╤П ╤Б╤В╤А╨╛╨║╨╕',
  PRIMARY KEY (`id`),
  UNIQUE KEY `name` (`name`)
) ENGINE=InnoDB AUTO_INCREMENT=4 DEFAULT CHARSET=utf8 COLLATE=utf8_unicode_ci COMMENT='╨б╤В╨░╤В╤Г╤Б╤Л ╨┤╤А╤Г╨╢╨▒╤Л';
/*!40101 SET character_set_client = @saved_cs_client */;

--
-- Dumping data for table `friendship_statuses`
--

LOCK TABLES `friendship_statuses` WRITE;
/*!40000 ALTER TABLE `friendship_statuses` DISABLE KEYS */;
INSERT INTO `friendship_statuses` VALUES (1,'requested','2020-12-21 21:45:59','2020-12-21 21:45:59'),(2,'confirmed','2020-12-21 21:45:59','2020-12-21 21:45:59'),(3,'rejected','2020-12-21 21:45:59','2020-12-21 21:45:59');
/*!40000 ALTER TABLE `friendship_statuses` ENABLE KEYS */;
UNLOCK TABLES;

--
-- Table structure for table `media`
--

DROP TABLE IF EXISTS `media`;
/*!40101 SET @saved_cs_client     = @@character_set_client */;
/*!50503 SET character_set_client = utf8mb4 */;
CREATE TABLE `media` (
  `id` int unsigned NOT NULL AUTO_INCREMENT COMMENT '╨Ш╨┤╨╡╨╜╤В╨╕╤Д╨╕╨║╨░╤В╨╛╤А ╤Б╤В╤А╨╛╨║╨╕',
  `user_id` int unsigned NOT NULL COMMENT '╨б╤Б╤Л╨╗╨║╨░ ╨╜╨░ ╨┐╨╛╨╗╤М╨╖╨╛╨▓╨░╤В╨╡╨╗╤П, ╨║╨╛╤В╨╛╤А╤Л╨╣ ╨╖╨░╨│╤А╤Г╨╖╨╕╨╗ ╤Д╨░╨╣╨╗',
  `filename` varchar(255) CHARACTER SET utf8 COLLATE utf8_unicode_ci NOT NULL COMMENT '╨Я╤Г╤В╤М ╨║ ╤Д╨░╨╣╨╗╤Г',
  `size` int NOT NULL COMMENT '╨а╨░╨╖╨╝╨╡╤А ╤Д╨░╨╣╨╗╨░',
  `metadata` longtext CHARACTER SET utf8mb4 COLLATE utf8mb4_bin COMMENT '╨Ь╨╡╤В╨░╨┤╨░╨╜╨╜╤Л╨╡ ╤Д╨░╨╣╨╗╨░',
  `media_type_id` int unsigned NOT NULL COMMENT '╨б╤Б╤Л╨╗╨║╨░ ╨╜╨░ ╤В╨╕╨┐ ╨║╨╛╨╜╤В╨╡╨╜╤В╨░',
  `created_at` datetime DEFAULT CURRENT_TIMESTAMP COMMENT '╨Т╤А╨╡╨╝╤П ╤Б╨╛╨╖╨┤╨░╨╜╨╕╤П ╤Б╤В╤А╨╛╨║╨╕',
  `updated_at` datetime DEFAULT CURRENT_TIMESTAMP ON UPDATE CURRENT_TIMESTAMP COMMENT '╨Т╤А╨╡╨╝╤П ╨╛╨▒╨╜╨╛╨▓╨╗╨╡╨╜╨╕╤П ╤Б╤В╤А╨╛╨║╨╕',
  PRIMARY KEY (`id`),
  CONSTRAINT `media_chk_1` CHECK (json_valid(`metadata`))
) ENGINE=InnoDB AUTO_INCREMENT=101 DEFAULT CHARSET=utf8 COLLATE=utf8_unicode_ci COMMENT='╨Ь╨╡╨┤╨╕╨░╤Д╨░╨╣╨╗╤Л';
/*!40101 SET character_set_client = @saved_cs_client */;

--
-- Dumping data for table `media`
--

LOCK TABLES `media` WRITE;
/*!40000 ALTER TABLE `media` DISABLE KEYS */;
INSERT INTO `media` VALUES (1,51,'http://dropbox.net/vk/optio.mpeg4',280248,'{\"owner\":\"Korbin Hilll\"}',2,'2019-03-29 07:48:17','2020-12-21 21:36:31'),(2,9,'http://dropbox.net/vk/non.pdf',439000,'{\"owner\":\"Milton Emard\"}',1,'2017-08-11 23:33:46','2020-12-21 21:36:31'),(3,68,'http://dropbox.net/vk/saepe.jpeg',344255,'{\"owner\":\"Catalina Rau\"}',3,'2014-11-05 07:02:34','2020-12-21 21:36:31'),(4,73,'http://dropbox.net/vk/beatae.jpeg',394278,'{\"owner\":\"Janessa Jakubowski\"}',1,'2013-05-21 08:31:16','2020-12-21 21:36:31'),(5,44,'http://dropbox.net/vk/earum.avi',928624,'{\"owner\":\"Emelia Rosenbaum\"}',3,'2015-08-29 10:18:26','2020-12-21 21:36:31'),(6,41,'http://dropbox.net/vk/unde.jpeg',450288,'{\"owner\":\"Chelsea Hickle\"}',1,'2012-08-15 00:55:45','2020-12-21 21:36:31'),(7,69,'http://dropbox.net/vk/debitis.pdf',455567,'{\"owner\":\"Dorian Murray\"}',2,'2019-03-16 03:10:09','2020-12-21 21:36:31'),(8,69,'http://dropbox.net/vk/quo.mpeg4',916974,'{\"owner\":\"Dorian Murray\"}',2,'2018-06-27 13:37:09','2020-12-21 21:36:31'),(9,38,'http://dropbox.net/vk/beatae.pdf',208170,'{\"owner\":\"Waylon Lockman\"}',1,'2013-02-25 01:48:02','2020-12-21 21:36:31'),(10,35,'http://dropbox.net/vk/alias.jpeg',279925,'{\"owner\":\"Elnora Dach\"}',1,'2014-03-12 07:58:15','2020-12-21 21:36:31'),(11,93,'http://dropbox.net/vk/suscipit.avi',765119,'{\"owner\":\"Rachael Marquardt\"}',3,'2020-06-06 20:13:43','2020-12-21 21:36:31'),(12,91,'http://dropbox.net/vk/vel.pdf',975818,'{\"owner\":\"Roberta Graham\"}',2,'2012-06-13 03:51:01','2020-12-21 21:36:31'),(13,37,'http://dropbox.net/vk/unde.avi',573734,'{\"owner\":\"Ova Romaguera\"}',2,'2018-11-21 05:44:12','2020-12-21 21:36:31'),(14,38,'http://dropbox.net/vk/asperiores.mpeg4',931217,'{\"owner\":\"Waylon Lockman\"}',3,'2012-01-21 16:17:10','2020-12-21 21:36:31'),(15,18,'http://dropbox.net/vk/dolor.pdf',924882,'{\"owner\":\"Hester Lehner\"}',2,'2018-01-03 19:07:11','2020-12-21 21:36:31'),(16,16,'http://dropbox.net/vk/corporis.jpeg',820760,'{\"owner\":\"Abdul Howell\"}',3,'2019-10-10 08:55:45','2020-12-21 21:36:31'),(17,50,'http://dropbox.net/vk/nemo.jpeg',319155,'{\"owner\":\"Korey Prohaska\"}',2,'2018-01-16 15:42:27','2020-12-21 21:36:31'),(18,51,'http://dropbox.net/vk/quia.jpeg',123497,'{\"owner\":\"Korbin Hilll\"}',3,'2020-01-31 19:11:35','2020-12-21 21:36:31'),(19,39,'http://dropbox.net/vk/esse.jpeg',650018,'{\"owner\":\"Meggie Fisher\"}',3,'2017-11-18 01:11:29','2020-12-21 21:36:31'),(20,92,'http://dropbox.net/vk/sint.jpeg',869600,'{\"owner\":\"Brandi Schmitt\"}',1,'2016-09-23 09:57:43','2020-12-21 21:36:31'),(21,34,'http://dropbox.net/vk/et.avi',387949,'{\"owner\":\"Wendy Rempel\"}',1,'2020-07-17 02:32:06','2020-12-21 21:36:31'),(22,18,'http://dropbox.net/vk/nulla.jpeg',320943,'{\"owner\":\"Hester Lehner\"}',3,'2016-01-16 08:15:54','2020-12-21 21:36:31'),(23,63,'http://dropbox.net/vk/enim.avi',430870,'{\"owner\":\"Destin Dietrich\"}',3,'2016-10-16 03:05:45','2020-12-21 21:36:31'),(24,65,'http://dropbox.net/vk/nemo.mpeg4',181521,'{\"owner\":\"Jerrell Stanton\"}',1,'2012-02-02 04:31:39','2020-12-21 21:36:31'),(25,11,'http://dropbox.net/vk/maxime.pdf',604995,'{\"owner\":\"Elvis Cummerata\"}',1,'2019-07-05 10:00:30','2020-12-21 21:36:31'),(26,41,'http://dropbox.net/vk/quo.jpeg',470412,'{\"owner\":\"Chelsea Hickle\"}',1,'2011-03-28 23:14:38','2020-12-21 21:36:31'),(27,18,'http://dropbox.net/vk/modi.jpeg',527078,'{\"owner\":\"Hester Lehner\"}',3,'2012-06-18 03:05:21','2020-12-21 21:36:31'),(28,66,'http://dropbox.net/vk/qui.jpeg',214152,'{\"owner\":\"Holly Steuber\"}',3,'2018-10-25 03:54:10','2020-12-21 21:36:31'),(29,25,'http://dropbox.net/vk/et.pdf',479529,'{\"owner\":\"Maximillia Waters\"}',2,'2015-10-31 20:36:43','2020-12-21 21:36:31'),(30,6,'http://dropbox.net/vk/tempora.jpeg',745190,'{\"owner\":\"Mona Kuhic\"}',3,'2016-02-24 16:00:49','2020-12-21 21:36:31'),(31,64,'http://dropbox.net/vk/quis.pdf',277361,'{\"owner\":\"Mariana Leuschke\"}',2,'2011-03-21 20:19:07','2020-12-21 21:36:31'),(32,15,'http://dropbox.net/vk/qui.avi',141237,'{\"owner\":\"Marianne Kris\"}',1,'2019-07-08 01:15:42','2020-12-21 21:36:31'),(33,18,'http://dropbox.net/vk/dolor.avi',864101,'{\"owner\":\"Hester Lehner\"}',1,'2014-01-23 05:27:38','2020-12-21 21:36:31'),(34,25,'http://dropbox.net/vk/quam.avi',886797,'{\"owner\":\"Maximillia Waters\"}',2,'2013-02-18 20:21:12','2020-12-21 21:36:31'),(35,66,'http://dropbox.net/vk/ea.jpeg',831682,'{\"owner\":\"Holly Steuber\"}',3,'2017-08-23 02:52:54','2020-12-21 21:36:31'),(36,82,'http://dropbox.net/vk/ipsum.mpeg4',488018,'{\"owner\":\"Stanton Sporer\"}',2,'2014-06-28 10:28:21','2020-12-21 21:36:31'),(37,10,'http://dropbox.net/vk/id.jpeg',935045,'{\"owner\":\"Nelson Denesik\"}',1,'2012-02-26 22:40:37','2020-12-21 21:36:31'),(38,1,'http://dropbox.net/vk/similique.pdf',201171,'{\"owner\":\"Lincoln Rath\"}',1,'2020-05-02 22:14:22','2020-12-21 21:36:31'),(39,83,'http://dropbox.net/vk/laudantium.mpeg4',190722,'{\"owner\":\"Caroline Stokes\"}',3,'2020-03-31 12:55:53','2020-12-21 21:36:31'),(40,4,'http://dropbox.net/vk/molestias.pdf',340099,'{\"owner\":\"Stephania Littel\"}',3,'2014-11-11 00:18:21','2020-12-21 21:36:31'),(41,69,'http://dropbox.net/vk/non.pdf',118327,'{\"owner\":\"Dorian Murray\"}',3,'2016-04-29 21:00:22','2020-12-21 21:36:31'),(42,38,'http://dropbox.net/vk/aspernatur.pdf',561340,'{\"owner\":\"Waylon Lockman\"}',2,'2018-05-05 07:05:00','2020-12-21 21:36:31'),(43,74,'http://dropbox.net/vk/praesentium.mpeg4',441721,'{\"owner\":\"Keenan Schulist\"}',1,'2014-04-14 13:33:22','2020-12-21 21:36:31'),(44,57,'http://dropbox.net/vk/non.jpeg',514585,'{\"owner\":\"Marilou Langworth\"}',1,'2018-01-14 19:46:44','2020-12-21 21:36:31'),(45,12,'http://dropbox.net/vk/ab.pdf',237761,'{\"owner\":\"Janiya Hudson\"}',1,'2013-01-10 10:43:43','2020-12-21 21:36:31'),(46,50,'http://dropbox.net/vk/necessitatibus.pdf',635050,'{\"owner\":\"Korey Prohaska\"}',2,'2017-01-06 15:30:43','2020-12-21 21:36:31'),(47,65,'http://dropbox.net/vk/voluptas.avi',451966,'{\"owner\":\"Jerrell Stanton\"}',2,'2013-08-17 21:16:33','2020-12-21 21:36:31'),(48,19,'http://dropbox.net/vk/officiis.mpeg4',344683,'{\"owner\":\"Lilliana Rohan\"}',2,'2013-02-07 22:40:01','2020-12-21 21:36:31'),(49,81,'http://dropbox.net/vk/quia.pdf',357519,'{\"owner\":\"Alvera Wilderman\"}',1,'2014-04-05 00:11:25','2020-12-21 21:36:31'),(50,82,'http://dropbox.net/vk/labore.avi',743545,'{\"owner\":\"Stanton Sporer\"}',3,'2018-06-19 16:43:35','2020-12-21 21:36:31'),(51,58,'http://dropbox.net/vk/consequatur.pdf',635169,'{\"owner\":\"Kurt Will\"}',1,'2011-11-07 12:33:57','2020-12-21 21:36:31'),(52,65,'http://dropbox.net/vk/totam.jpeg',935210,'{\"owner\":\"Jerrell Stanton\"}',1,'2019-08-26 10:02:21','2020-12-21 21:36:31'),(53,5,'http://dropbox.net/vk/eum.avi',760543,'{\"owner\":\"Magnolia Jast\"}',3,'2019-05-23 05:54:06','2020-12-21 21:36:31'),(54,62,'http://dropbox.net/vk/est.jpeg',987086,'{\"owner\":\"Ocie Mayer\"}',1,'2014-12-09 02:50:59','2020-12-21 21:36:31'),(55,28,'http://dropbox.net/vk/perferendis.pdf',643803,'{\"owner\":\"Monty Dickinson\"}',2,'2019-12-21 03:24:05','2020-12-21 21:36:31'),(56,53,'http://dropbox.net/vk/in.jpeg',247756,'{\"owner\":\"Lula Kovacek\"}',1,'2019-06-15 12:27:26','2020-12-21 21:36:31'),(57,23,'http://dropbox.net/vk/quis.jpeg',297372,'{\"owner\":\"Carmine Gerlach\"}',2,'2015-03-01 09:55:04','2020-12-21 21:36:31'),(58,85,'http://dropbox.net/vk/et.mpeg4',733593,'{\"owner\":\"Valentine D\'Amore\"}',3,'2014-12-22 04:31:10','2020-12-21 21:36:31'),(59,11,'http://dropbox.net/vk/et.avi',765850,'{\"owner\":\"Elvis Cummerata\"}',2,'2016-05-13 04:01:17','2020-12-21 21:36:31'),(60,66,'http://dropbox.net/vk/corporis.mpeg4',618472,'{\"owner\":\"Holly Steuber\"}',3,'2015-03-22 23:43:40','2020-12-21 21:36:31'),(61,89,'http://dropbox.net/vk/sint.jpeg',784808,'{\"owner\":\"Vern Ritchie\"}',2,'2012-03-23 22:23:04','2020-12-21 21:36:31'),(62,28,'http://dropbox.net/vk/quas.mpeg4',58627,'{\"owner\":\"Monty Dickinson\"}',2,'2019-12-16 19:54:24','2020-12-21 21:36:31'),(63,94,'http://dropbox.net/vk/odit.jpeg',928712,'{\"owner\":\"Garland Williamson\"}',1,'2020-08-06 15:51:27','2020-12-21 21:36:31'),(64,87,'http://dropbox.net/vk/ut.mpeg4',457680,'{\"owner\":\"Madyson Rippin\"}',1,'2018-12-19 04:03:50','2020-12-21 21:36:31'),(65,28,'http://dropbox.net/vk/et.jpeg',492262,'{\"owner\":\"Monty Dickinson\"}',2,'2016-07-09 02:33:26','2020-12-21 21:36:31'),(66,38,'http://dropbox.net/vk/incidunt.pdf',78270,'{\"owner\":\"Waylon Lockman\"}',3,'2011-06-15 07:38:22','2020-12-21 21:36:31'),(67,80,'http://dropbox.net/vk/quam.mpeg4',904565,'{\"owner\":\"Weldon Rippin\"}',3,'2020-12-02 17:44:48','2020-12-21 21:36:31'),(68,95,'http://dropbox.net/vk/accusantium.jpeg',278016,'{\"owner\":\"Bertram Zulauf\"}',1,'2018-07-15 14:51:24','2020-12-21 21:36:31'),(69,36,'http://dropbox.net/vk/ipsum.avi',666386,'{\"owner\":\"Tressie Veum\"}',1,'2020-02-19 21:16:28','2020-12-21 21:36:31'),(70,74,'http://dropbox.net/vk/aut.jpeg',487882,'{\"owner\":\"Keenan Schulist\"}',1,'2017-10-03 22:40:56','2020-12-21 21:36:31'),(71,47,'http://dropbox.net/vk/dolorem.pdf',430253,'{\"owner\":\"Garland Pollich\"}',2,'2020-10-11 16:20:57','2020-12-21 21:36:31'),(72,8,'http://dropbox.net/vk/illo.jpeg',677619,'{\"owner\":\"Deshawn Weber\"}',2,'2017-12-04 15:17:12','2020-12-21 21:36:31'),(73,38,'http://dropbox.net/vk/non.avi',87338,'{\"owner\":\"Waylon Lockman\"}',2,'2013-09-07 16:41:34','2020-12-21 21:36:31'),(74,94,'http://dropbox.net/vk/vitae.mpeg4',393833,'{\"owner\":\"Garland Williamson\"}',2,'2019-11-18 21:03:33','2020-12-21 21:36:31'),(75,82,'http://dropbox.net/vk/delectus.avi',697153,'{\"owner\":\"Stanton Sporer\"}',2,'2019-03-05 08:35:05','2020-12-21 21:36:31'),(76,18,'http://dropbox.net/vk/dolorem.mpeg4',294265,'{\"owner\":\"Hester Lehner\"}',1,'2011-02-02 00:42:05','2020-12-21 21:36:31'),(77,31,'http://dropbox.net/vk/veniam.avi',369866,'{\"owner\":\"Paris Schiller\"}',1,'2013-06-13 15:45:35','2020-12-21 21:36:31'),(78,53,'http://dropbox.net/vk/culpa.mpeg4',956536,'{\"owner\":\"Lula Kovacek\"}',1,'2015-11-12 21:07:30','2020-12-21 21:36:31'),(79,58,'http://dropbox.net/vk/dicta.avi',663082,'{\"owner\":\"Kurt Will\"}',1,'2019-04-21 16:10:00','2020-12-21 21:36:31'),(80,15,'http://dropbox.net/vk/facere.avi',435805,'{\"owner\":\"Marianne Kris\"}',3,'2013-07-18 11:14:15','2020-12-21 21:36:31'),(81,74,'http://dropbox.net/vk/voluptas.jpeg',179778,'{\"owner\":\"Keenan Schulist\"}',2,'2019-08-20 15:45:08','2020-12-21 21:36:31'),(82,22,'http://dropbox.net/vk/sapiente.mpeg4',581476,'{\"owner\":\"Holly Metz\"}',3,'2019-10-11 23:31:27','2020-12-21 21:36:31'),(83,90,'http://dropbox.net/vk/qui.jpeg',358046,'{\"owner\":\"Gino Keeling\"}',2,'2019-06-26 22:32:34','2020-12-21 21:36:31'),(84,83,'http://dropbox.net/vk/tenetur.jpeg',35802,'{\"owner\":\"Caroline Stokes\"}',3,'2016-10-07 20:40:32','2020-12-21 21:36:31'),(85,32,'http://dropbox.net/vk/sit.mpeg4',94872,'{\"owner\":\"Vidal Goodwin\"}',3,'2014-04-05 18:33:41','2020-12-21 21:36:31'),(86,16,'http://dropbox.net/vk/laborum.mpeg4',356956,'{\"owner\":\"Abdul Howell\"}',2,'2014-05-27 16:33:38','2020-12-21 21:36:31'),(87,19,'http://dropbox.net/vk/cum.jpeg',490162,'{\"owner\":\"Lilliana Rohan\"}',2,'2018-04-15 02:56:09','2020-12-21 21:36:31'),(88,36,'http://dropbox.net/vk/alias.jpeg',369946,'{\"owner\":\"Tressie Veum\"}',3,'2015-12-13 02:17:19','2020-12-21 21:36:31'),(89,96,'http://dropbox.net/vk/autem.mpeg4',369242,'{\"owner\":\"Roger Nader\"}',3,'2013-02-12 02:46:03','2020-12-21 21:36:31'),(90,88,'http://dropbox.net/vk/praesentium.pdf',726371,'{\"owner\":\"Colt Kutch\"}',2,'2019-05-08 00:40:44','2020-12-21 21:36:31'),(91,73,'http://dropbox.net/vk/eos.mpeg4',514133,'{\"owner\":\"Janessa Jakubowski\"}',1,'2013-03-26 08:59:26','2020-12-21 21:36:31'),(92,80,'http://dropbox.net/vk/voluptas.jpeg',381552,'{\"owner\":\"Weldon Rippin\"}',1,'2014-04-04 01:18:41','2020-12-21 21:36:31'),(93,29,'http://dropbox.net/vk/cupiditate.pdf',355361,'{\"owner\":\"Stewart Volkman\"}',2,'2015-11-04 03:02:29','2020-12-21 21:36:31'),(94,21,'http://dropbox.net/vk/qui.avi',622148,'{\"owner\":\"Estella DuBuque\"}',1,'2011-03-25 10:50:38','2020-12-21 21:36:31'),(95,55,'http://dropbox.net/vk/quaerat.mpeg4',34658,'{\"owner\":\"Novella Hessel\"}',2,'2015-06-04 09:01:08','2020-12-21 21:36:31'),(96,56,'http://dropbox.net/vk/vero.jpeg',296847,'{\"owner\":\"Vicenta Zieme\"}',3,'2017-09-26 09:53:07','2020-12-21 21:36:31'),(97,1,'http://dropbox.net/vk/rem.mpeg4',370260,'{\"owner\":\"Lincoln Rath\"}',2,'2015-01-15 00:53:56','2020-12-21 21:36:31'),(98,83,'http://dropbox.net/vk/est.pdf',950760,'{\"owner\":\"Caroline Stokes\"}',3,'2014-09-29 20:07:39','2020-12-21 21:36:31'),(99,9,'http://dropbox.net/vk/mollitia.mpeg4',633023,'{\"owner\":\"Milton Emard\"}',2,'2016-10-15 13:50:57','2020-12-21 21:36:31'),(100,48,'http://dropbox.net/vk/velit.avi',302833,'{\"owner\":\"Fern Lemke\"}',2,'2014-10-16 14:53:40','2020-12-21 21:36:31');
/*!40000 ALTER TABLE `media` ENABLE KEYS */;
UNLOCK TABLES;

--
-- Table structure for table `media_types`
--

DROP TABLE IF EXISTS `media_types`;
/*!40101 SET @saved_cs_client     = @@character_set_client */;
/*!50503 SET character_set_client = utf8mb4 */;
CREATE TABLE `media_types` (
  `id` int unsigned NOT NULL AUTO_INCREMENT COMMENT '╨Ш╨┤╨╡╨╜╤В╨╕╤Д╨╕╨║╨░╤В╨╛╤А ╤Б╤В╤А╨╛╨║╨╕',
  `name` varchar(255) CHARACTER SET utf8 COLLATE utf8_unicode_ci NOT NULL COMMENT '╨Э╨░╨╖╨▓╨░╨╜╨╕╨╡ ╤В╨╕╨┐╨░',
  `created_at` datetime DEFAULT CURRENT_TIMESTAMP COMMENT '╨Т╤А╨╡╨╝╤П ╤Б╨╛╨╖╨┤╨░╨╜╨╕╤П ╤Б╤В╤А╨╛╨║╨╕',
  `updated_at` datetime DEFAULT CURRENT_TIMESTAMP ON UPDATE CURRENT_TIMESTAMP COMMENT '╨Т╤А╨╡╨╝╤П ╨╛╨▒╨╜╨╛╨▓╨╗╨╡╨╜╨╕╤П ╤Б╤В╤А╨╛╨║╨╕',
  PRIMARY KEY (`id`),
  UNIQUE KEY `name` (`name`)
) ENGINE=InnoDB AUTO_INCREMENT=4 DEFAULT CHARSET=utf8 COLLATE=utf8_unicode_ci COMMENT='╨в╨╕╨┐╤Л ╨╝╨╡╨┤╨╕╨░╤Д╨░╨╣╨╗╨╛╨▓';
/*!40101 SET character_set_client = @saved_cs_client */;

--
-- Dumping data for table `media_types`
--

LOCK TABLES `media_types` WRITE;
/*!40000 ALTER TABLE `media_types` DISABLE KEYS */;
INSERT INTO `media_types` VALUES (1,'image','2020-12-21 21:33:09','2020-12-21 21:33:09'),(2,'video','2020-12-21 21:33:09','2020-12-21 21:33:09'),(3,'audio','2020-12-21 21:33:09','2020-12-21 21:33:09');
/*!40000 ALTER TABLE `media_types` ENABLE KEYS */;
UNLOCK TABLES;

--
-- Table structure for table `messages`
--

DROP TABLE IF EXISTS `messages`;
/*!40101 SET @saved_cs_client     = @@character_set_client */;
/*!50503 SET character_set_client = utf8mb4 */;
CREATE TABLE `messages` (
  `id` int unsigned NOT NULL AUTO_INCREMENT COMMENT '╨Ш╨┤╨╡╨╜╤В╨╕╤Д╨╕╨║╨░╤В╨╛╤А ╤Б╤В╤А╨╛╨║╨╕',
  `from_user_id` int unsigned NOT NULL COMMENT '╨б╤Б╤Л╨╗╨║╨░ ╨╜╨░ ╨╛╤В╨┐╤А╨░╨▓╨╕╤В╨╡╨╗╤П ╤Б╨╛╨╛╨▒╤Й╨╡╨╜╨╕╤П',
  `to_user_id` int unsigned NOT NULL COMMENT '╨б╤Б╤Л╨╗╨║╨░ ╨╜╨░ ╨┐╨╛╨╗╤Г╤З╨░╤В╨╡╨╗╤П ╤Б╨╛╨╛╨▒╤Й╨╡╨╜╨╕╤П',
  `body` text CHARACTER SET utf8 COLLATE utf8_unicode_ci NOT NULL COMMENT '╨в╨╡╨║╤Б╤В ╤Б╨╛╨╛╨▒╤Й╨╡╨╜╨╕╤П',
  `is_important` tinyint(1) DEFAULT NULL COMMENT '╨Я╤А╨╕╨╖╨╜╨░╨║ ╨▓╨░╨╢╨╜╨╛╤Б╤В╨╕',
  `is_delivered` tinyint(1) DEFAULT NULL COMMENT '╨Я╤А╨╕╨╖╨╜╨░╨║ ╨┤╨╛╤Б╤В╨░╨▓╨║╨╕',
  `created_at` datetime DEFAULT CURRENT_TIMESTAMP COMMENT '╨Т╤А╨╡╨╝╤П ╤Б╨╛╨╖╨┤╨░╨╜╨╕╤П ╤Б╤В╤А╨╛╨║╨╕',
  PRIMARY KEY (`id`)
) ENGINE=InnoDB AUTO_INCREMENT=101 DEFAULT CHARSET=utf8 COLLATE=utf8_unicode_ci COMMENT='╨б╨╛╨╛╨▒╤Й╨╡╨╜╨╕╤П';
/*!40101 SET character_set_client = @saved_cs_client */;

--
-- Dumping data for table `messages`
--

LOCK TABLES `messages` WRITE;
/*!40000 ALTER TABLE `messages` DISABLE KEYS */;
INSERT INTO `messages` VALUES (1,6,99,'Impedit rerum quod ut pariatur consectetur. Aut asperiores officia animi et facilis qui esse. Qui qui vero deleniti et nulla.',1,0,'2016-04-14 06:12:14'),(2,34,35,'Enim reiciendis voluptatem incidunt quibusdam voluptas. Unde est aut est. Dolor culpa numquam dolores non occaecati quo.',1,1,'2018-03-29 13:59:34'),(3,54,72,'Sed laudantium et fuga saepe repellat non quaerat. Repellat omnis dolor veniam. Velit aperiam fugiat quia.',0,1,'2015-04-02 03:03:41'),(4,79,77,'Recusandae inventore est molestiae eligendi. Sequi doloremque possimus exercitationem velit. Unde voluptas voluptatem consequatur quos est molestias.',1,0,'2016-11-13 22:49:23'),(5,2,16,'Enim et qui quisquam ducimus nihil recusandae. Laborum rerum et hic porro ut officia consequuntur. Animi soluta repellendus expedita animi quidem debitis qui sequi.',1,0,'2016-08-05 12:34:33'),(6,47,23,'Pariatur et dicta consequuntur maiores atque id aperiam. Beatae ad iusto facere accusamus ipsa qui illo. Doloribus nostrum iste dolor est. Vero facere tenetur distinctio quibusdam.',0,0,'2012-05-14 03:57:02'),(7,60,100,'Aut dolores sit eum qui consequatur. Tenetur molestiae molestiae et at placeat. Et voluptas et id consequatur.',0,1,'2018-12-10 06:28:56'),(8,6,86,'Blanditiis aut modi nulla soluta sint sint temporibus dolorum. Rerum voluptatem soluta eius et et consequatur quaerat. Rerum voluptatem voluptatem hic commodi.',0,0,'2014-06-01 20:42:21'),(9,36,43,'Unde ducimus quia nesciunt odio. Aliquam quis aspernatur et cumque. Et voluptatem dolorem accusantium esse assumenda. Eum numquam molestiae non.',0,1,'2011-11-12 01:19:56'),(10,65,46,'Eos deleniti porro temporibus consequatur ea cum assumenda. Impedit praesentium veniam in similique sint. Omnis voluptas molestiae mollitia ut laborum quis. Nulla iure quod facilis qui est est qui.',0,0,'2018-03-26 05:20:33'),(11,4,16,'Fugit quia aperiam dignissimos voluptatem et iste eos odio. Aliquid cum nihil et. Et vel est provident sed ipsa nihil qui. Nobis iusto sint ea sapiente aut.',1,1,'2011-12-19 09:42:29'),(12,27,84,'Pariatur molestiae perspiciatis cupiditate at beatae. Eligendi cum aliquam recusandae dignissimos debitis illum cupiditate. Et molestias cupiditate modi repellendus.',0,1,'2012-07-03 02:16:52'),(13,65,55,'Optio laborum et harum cumque. Ipsum aut vel natus tenetur. Suscipit corrupti inventore et ratione et qui magni.',0,1,'2019-04-02 01:55:08'),(14,68,96,'Est reiciendis provident quas eos ipsam ipsa corrupti. Provident occaecati sed odio qui. Vero consequatur et quia quaerat.',0,1,'2020-04-17 22:35:31'),(15,62,97,'Est facilis sapiente aliquid quas. Similique quam et soluta voluptas aspernatur sunt consequatur ea. Veniam et et est.',1,1,'2015-03-23 13:20:46'),(16,93,9,'Blanditiis adipisci omnis sed. Odio a quae id quo est voluptas asperiores. Hic et consequuntur repellat.',1,1,'2016-08-08 08:07:10'),(17,93,45,'Explicabo illum et iusto laborum vel consectetur. Et ut eligendi consequatur aut dolor voluptate. Delectus consequatur voluptatem et unde molestias.',0,0,'2020-08-04 06:21:46'),(18,75,40,'Voluptas atque voluptas accusantium mollitia voluptatum vitae minima. Excepturi iusto et id corporis. Ut ut quidem qui.',0,1,'2019-01-12 21:23:44'),(19,64,78,'Atque dolores aut quia eius sunt ut voluptas. Fugit dolore sapiente vero dolore aut inventore enim dignissimos.',0,0,'2020-02-01 05:55:22'),(20,40,21,'Soluta sequi officiis vero velit sit. Id officiis velit consequatur doloribus eos ut.',0,0,'2013-05-07 06:59:33'),(21,25,66,'Quisquam accusantium dolorum ut nemo. Quia nihil deleniti perferendis quidem magni aliquam. Repellat beatae et voluptatem saepe molestiae.',0,0,'2018-05-14 20:49:11'),(22,9,53,'Exercitationem natus ea et ut. Qui aliquam deleniti nisi. In iure nisi quis ad in.',1,1,'2015-07-14 01:48:22'),(23,98,82,'Est sunt voluptatem placeat inventore. A rerum modi et quae et accusamus eum numquam. Perferendis odio dolorum tempora voluptatem ipsa. Sed at voluptate in optio.',0,0,'2018-11-18 13:31:31'),(24,2,60,'Saepe atque nam deleniti quasi sapiente tempora laudantium. Iure eaque vel ratione. Enim quo repellendus id et. Sed reprehenderit saepe aut molestiae est est et.',0,0,'2011-02-12 05:11:22'),(25,71,26,'Recusandae quam eligendi id temporibus rerum rerum itaque. Voluptatum est asperiores consequatur. Error animi ipsum voluptatum rem molestias qui.',1,0,'2019-04-15 12:12:10'),(26,19,97,'Repudiandae aliquam et quaerat fugiat exercitationem aut veniam. Qui a nihil et in tenetur cumque repudiandae quisquam. Consequatur dolor enim similique nulla saepe.',1,1,'2014-08-04 09:09:02'),(27,17,92,'Ducimus a ut reprehenderit deserunt. Necessitatibus eaque occaecati magnam. Ipsum et quaerat qui. Animi ipsum dolorum reprehenderit. Perferendis soluta in aut accusamus in qui.',1,0,'2012-10-30 06:59:50'),(28,58,55,'Aliquid quibusdam repudiandae nesciunt voluptate aliquam. Perferendis voluptate voluptas et. Omnis saepe ut eos porro.',0,1,'2014-08-14 07:31:06'),(29,94,54,'Quam eum consequuntur voluptatem eos fugiat doloribus. Vitae sint placeat tenetur ipsum numquam repudiandae animi. Aliquid distinctio est distinctio optio sint nobis sapiente.',1,1,'2020-02-07 01:58:47'),(30,24,2,'Consequatur facilis enim autem sapiente est id qui. Nesciunt quasi officiis quae praesentium. Unde et nam non eligendi aliquam est non. Natus a rerum omnis aliquid accusantium et.',1,0,'2017-10-07 20:31:15'),(31,34,90,'Iusto id sint voluptatum ea. Ea quasi saepe et dolor magni eaque. Voluptatem voluptas mollitia ipsa molestiae doloremque.',1,0,'2011-11-29 11:13:56'),(32,74,28,'Deleniti quos placeat atque consequuntur minus et eveniet veniam. Excepturi quis fugiat perferendis dolores omnis blanditiis optio. Vel velit sed placeat aut.',1,1,'2016-07-01 22:12:21'),(33,63,1,'Quia et totam ullam quasi sed. Sapiente soluta laudantium facilis. Quibusdam sed modi sed quis aliquam. Quo eos dolor voluptas ut est.',1,1,'2019-10-19 22:04:11'),(34,84,76,'Quos consequatur quidem repellat ut rem. Nesciunt quos itaque aliquid dolores corrupti veniam. Consequuntur aperiam perspiciatis sequi qui dolorem ut explicabo.',0,0,'2015-12-28 23:42:27'),(35,87,9,'Laudantium eum et delectus. Natus adipisci corrupti explicabo alias. Rem consequatur omnis doloribus voluptas eaque quam eligendi. Tenetur possimus cumque a voluptate aliquam.',0,0,'2012-06-30 21:00:36'),(36,21,63,'Sapiente error rerum voluptas et quam accusamus. Laborum porro reiciendis impedit temporibus numquam dolores.',1,1,'2013-02-10 11:06:55'),(37,86,93,'Est id quis suscipit libero. Ipsa quisquam voluptate in sunt dolor voluptatibus qui voluptas. Totam dolore architecto consequatur beatae rerum molestiae. Aut rerum beatae aut aut sit tenetur et.',0,0,'2020-11-29 05:52:35'),(38,56,58,'Ut alias autem quod ut aut dolorum. Sit quia ipsam et quam quisquam. Sequi cumque voluptatem cupiditate voluptatem dolore quisquam.',1,0,'2015-07-25 04:39:38'),(39,67,1,'Totam atque mollitia aut. Quis similique itaque aut ipsa. Unde sit quo alias cupiditate consequuntur quis doloremque et. Quos quia distinctio voluptates.',0,0,'2017-03-29 21:10:28'),(40,35,20,'Quis voluptates et rerum qui. Velit quisquam animi minima temporibus et. Dolorem voluptatum possimus quae fuga deleniti.',0,1,'2013-03-22 14:41:33'),(41,42,10,'Commodi voluptatibus laboriosam quis consequatur dolorem ullam. A aut sit accusantium molestias esse quibusdam quis eos. Non sed ex libero rerum sed et unde.',0,0,'2020-04-22 13:30:12'),(42,40,32,'Est suscipit et cupiditate numquam qui accusantium unde rerum. Eos maiores est amet debitis deserunt omnis ut.',0,1,'2013-01-27 10:30:09'),(43,76,24,'Quo corporis animi corrupti aut autem quis. Nesciunt ratione qui voluptatibus. Accusantium iusto omnis qui repellat aut suscipit.',1,1,'2014-06-13 15:30:34'),(44,41,18,'Est et quas repellat molestias qui non dolorem. Iure et corporis at est velit. Necessitatibus vel recusandae accusamus neque cum non soluta.',1,1,'2017-02-25 15:42:21'),(45,82,92,'Molestiae nemo molestias rem molestiae officia nisi modi. Molestiae qui aliquam aut omnis sed sed molestias veritatis. Earum vitae vel blanditiis esse voluptas possimus autem dolorem.',0,1,'2012-08-13 11:00:32'),(46,32,44,'Adipisci non velit corporis magnam aperiam quidem voluptas. Modi vel quia deleniti ex delectus. Voluptate necessitatibus sed inventore consequatur est aut quisquam.',0,1,'2011-09-14 13:45:52'),(47,62,81,'Dignissimos officia commodi dolor ipsa. Accusamus doloremque sunt molestiae vero. Et fuga ut eos consectetur vel est.',1,0,'2014-11-02 14:02:26'),(48,25,83,'Ut voluptatem deserunt impedit et deleniti architecto sed. Delectus quos officiis consequuntur nobis. Consequuntur consequatur deserunt similique sint hic nulla.',1,1,'2019-06-23 22:57:24'),(49,62,63,'Qui accusamus rem explicabo. Sunt dicta vero quam qui et. Eveniet officiis consequatur aliquam neque.',1,1,'2016-09-24 03:20:55'),(50,32,33,'Itaque id rerum enim. Natus et id minus quia. Illo placeat consequatur ullam adipisci eos.',1,0,'2019-05-21 11:05:38'),(51,41,39,'Perferendis quia ut odit molestias voluptate. Ut voluptas molestiae et sed eveniet magnam. Quod distinctio eveniet et error nulla ut voluptate quibusdam.',0,1,'2011-01-25 04:36:58'),(52,51,13,'Odit distinctio quod rerum adipisci nihil deserunt illum ea. Deleniti expedita quis et qui. Aut officiis officia ut voluptatem. Dolorum quia ut soluta. Iste dolorem possimus delectus ab.',1,0,'2015-02-12 06:39:30'),(53,69,99,'Exercitationem ullam illum corrupti animi. Ab ipsum qui mollitia et. Qui a porro omnis molestias dolor nulla.',1,0,'2013-07-16 05:39:44'),(54,10,9,'Nostrum sapiente harum voluptatum aut. Ipsum necessitatibus iure voluptatem ex laudantium quasi. Voluptatum qui rerum soluta est repellat nulla quasi.',0,0,'2020-04-25 11:38:22'),(55,83,33,'Sit fugiat eius velit iste non ipsa. Neque repellat quis dolorum suscipit et dicta. Quis voluptas repudiandae error hic sunt et.',1,1,'2011-05-31 21:41:28'),(56,85,41,'Vel enim nisi tempore natus voluptatem ab. Vitae quo illo distinctio cumque nihil molestiae. Sint minima aliquid vel itaque et corrupti qui vel.',1,1,'2013-03-05 14:58:20'),(57,50,62,'Repellat suscipit aut consequatur quis. Mollitia maxime magnam nemo et repellendus. Vitae et ut ut fuga. Recusandae maiores qui ratione ut illo nobis ipsa.',1,1,'2014-07-03 09:33:46'),(58,16,39,'Odit fuga aliquam sint rerum repellat. Consectetur et corrupti non rerum voluptatem optio.',1,1,'2016-12-03 15:44:53'),(59,42,24,'Nostrum ipsa nostrum consequuntur. Maiores aut est non est est. Consequatur autem quidem fugiat quae quia placeat. Earum sed quae nam earum vel minus.',0,0,'2019-05-16 18:53:06'),(60,34,83,'Eius modi quasi quam id doloribus. Nam possimus ratione ratione hic. Accusantium eveniet repellat saepe in eum sit quidem. Non tempore beatae iure voluptas quo laboriosam ut.',1,0,'2020-09-25 10:04:42'),(61,82,51,'Consequatur quos nemo numquam autem. Reiciendis hic dolor aperiam perspiciatis recusandae nostrum. Et provident quia aliquid porro. Cumque ipsam iure aut qui architecto magnam voluptatem.',0,1,'2012-08-31 00:15:51'),(62,61,62,'Veritatis officiis officiis unde pariatur hic ut. Non dolores fuga necessitatibus quod porro quasi. Possimus qui in exercitationem odio non et rerum. Sed eos voluptas sed praesentium ipsam omnis non.',1,0,'2016-04-04 20:16:36'),(63,6,71,'Et dolorem itaque cum et facere. Modi rem provident excepturi dolor quae. Rerum laborum libero at ipsum.',0,0,'2017-12-29 05:57:30'),(64,43,31,'Cum adipisci vitae quod quo aut dolorum. Id sit doloribus quis repellat hic vel neque. Necessitatibus facilis expedita qui nihil qui facilis. Aut consequatur dolorum harum.',0,0,'2018-04-09 21:22:45'),(65,78,92,'Officiis quibusdam possimus commodi sed provident animi. Deserunt dolore inventore rerum qui. Sed rerum quisquam et deserunt corrupti officiis odit.',0,1,'2019-07-19 10:06:47'),(66,17,86,'Quibusdam eos qui dolor inventore. Suscipit rerum suscipit vel et cum vero aperiam. Nulla cupiditate nisi sapiente incidunt voluptatum.',1,0,'2011-08-13 11:39:52'),(67,16,50,'Sed odio corporis dolore nostrum minus quam laboriosam aut. Cum optio possimus est. Et laboriosam dolorum dolorum possimus eveniet eum.',0,0,'2011-10-05 19:54:05'),(68,80,87,'Tenetur vel molestias aut blanditiis explicabo qui. Ipsum harum in porro non tempore dolores cupiditate. Voluptatem est omnis ad pariatur possimus. Ea eos rerum at iste inventore.',0,0,'2011-06-26 16:23:26'),(69,86,57,'Facere commodi ut alias et. Est in fugiat et voluptatum ratione magni. Sint fugiat esse voluptas ratione nihil eum iure. Nostrum non porro ab dolor quia voluptas aliquam.',0,0,'2016-07-06 02:14:24'),(70,3,67,'Nobis dolores alias quas rerum necessitatibus nam praesentium. Ut quia ut ut eos quod quisquam et ut. Quis et reprehenderit ipsam ut voluptatem non soluta. Et voluptatem nam libero sed.',1,0,'2018-11-18 16:52:37'),(71,27,52,'Eos quia pariatur quam nobis aut quo et modi. Ut ut ea asperiores at ut. Corporis nostrum est animi excepturi. Porro velit necessitatibus dicta est.',0,1,'2013-12-21 05:22:43'),(72,6,50,'Molestiae harum sit quae reprehenderit. In voluptas maiores beatae at quia sint delectus.\nSit labore sapiente velit eaque. Veritatis non unde consequuntur voluptatem.',1,1,'2012-11-26 06:40:50'),(73,16,34,'Vero tenetur sequi provident voluptate ab debitis in. Veniam nisi aut beatae. Incidunt quo possimus odit quis. Est rem nisi vitae aut incidunt ad perferendis reprehenderit.',0,0,'2011-12-14 03:18:03'),(74,52,38,'Itaque sapiente velit repellendus fugit. In dolores saepe nisi aut aspernatur quos nihil. Voluptas illum deserunt fugiat provident et. Nihil libero ut possimus labore error possimus.',1,1,'2011-04-12 06:33:49'),(75,98,64,'Qui cupiditate quis mollitia dolores laudantium. Ipsum delectus odit iste dolor magnam.',1,0,'2013-04-15 13:08:33'),(76,80,36,'Vel repellendus qui voluptatem eum quia. Id qui vitae iure nobis eos. Et quae impedit nihil veniam cumque ipsum.',1,1,'2020-06-07 14:40:05'),(77,36,4,'Iste sapiente commodi molestias nostrum repudiandae. Est aut aliquam fugit fuga ratione. Quis dignissimos et et aliquam.',0,1,'2020-02-29 16:00:55'),(78,78,31,'Quasi beatae veritatis fugit molestiae ex. Eaque voluptas numquam labore similique et. Est qui excepturi labore accusantium. Excepturi veniam officiis maiores quia a non.',1,0,'2013-07-28 04:19:26'),(79,12,33,'Accusantium aut ut quas architecto quos neque labore. Exercitationem est vitae pariatur natus autem est. Delectus magni ipsum voluptatum ea quaerat ut at.',1,1,'2012-05-22 13:40:10'),(80,81,16,'Sapiente qui possimus harum aliquam a blanditiis. Quidem inventore facilis adipisci optio in. Consequuntur sit est ipsum. Esse aperiam aut sed aut.',1,1,'2016-04-22 20:15:15'),(81,94,74,'Cupiditate aperiam ea quaerat quae est eum enim. Quia labore porro est velit praesentium. Aut nulla unde perspiciatis eveniet saepe iste illum.',0,0,'2015-03-21 08:04:28'),(82,98,87,'Ut voluptatum nisi minus et. Inventore ipsum eligendi quis. Atque doloremque minima quis. Eos aperiam maiores aperiam pariatur. Quia dolorum consectetur ut perferendis pariatur illum ut repellendus.',0,0,'2018-06-08 10:28:40'),(83,14,99,'Perspiciatis aut sit expedita nisi odit distinctio. Vel nobis aut magnam magni commodi qui. Veritatis totam ea vero consequatur non. Eveniet voluptatem minima deleniti. Nemo nulla vero omnis.',0,0,'2016-10-29 07:12:53'),(84,35,23,'Nisi autem qui saepe. Et id consequatur minima corporis omnis omnis. Cupiditate enim earum quis et et provident.',0,0,'2018-08-06 22:46:03'),(85,95,100,'Laboriosam corrupti placeat magnam laborum ducimus. Et provident aut dolor molestiae sapiente et nesciunt. Aut placeat nulla tempora iusto voluptatem aut repudiandae.',0,1,'2014-06-23 10:32:01'),(86,50,35,'Ipsum magni voluptas omnis labore quos odio qui nihil. Quam ut veritatis sapiente ut quidem sed. Voluptas minima dolore in assumenda. Eveniet illum voluptas illum enim dolores minus eaque ut.',0,1,'2019-10-04 17:43:04'),(87,100,69,'Reiciendis pariatur nesciunt omnis quis quos. Ipsam id molestiae pariatur eligendi delectus velit corrupti.',1,1,'2013-03-20 08:54:48'),(88,85,78,'Aut quo recusandae maiores qui cum. Temporibus aspernatur enim dicta voluptatem velit vero. Totam iste a architecto aliquid.',0,0,'2011-12-03 00:28:06'),(89,81,57,'Blanditiis asperiores incidunt omnis sit sunt. Nisi tempora ea ut dignissimos excepturi. Quaerat incidunt voluptatibus nemo earum. Aut consequatur quis nobis eligendi.',0,1,'2020-02-27 23:12:13'),(90,92,83,'Quae rem omnis unde tenetur aliquam sint. Aperiam eveniet quas ut facilis molestiae. A impedit possimus commodi architecto minus. Ad aut maiores tempore atque quos eum.',1,1,'2011-09-22 00:31:13'),(91,99,19,'Aspernatur molestiae tempora laudantium qui rerum ea. Odit minus voluptatem voluptatem. Et et vitae alias.',1,1,'2011-02-04 03:55:17'),(92,33,58,'Vel quis qui animi autem ut possimus. Repellat perferendis omnis optio commodi ab voluptatem nulla. Atque dicta rem accusantium sint sequi voluptas. Suscipit ad dolorem quo ut quibusdam.',0,0,'2015-12-09 21:31:18'),(93,57,5,'Non aspernatur cum molestiae dolorem illo. Corporis aut et deserunt perspiciatis dolores. Omnis iste sequi dolore ut.',0,0,'2012-08-11 17:47:41'),(94,77,96,'Eveniet recusandae et aut accusamus. Nihil et repellat atque dolor delectus porro. Asperiores esse aperiam eos amet quae.',0,1,'2018-02-26 22:33:35'),(95,6,31,'Cum odit ut velit. Quis quia et qui ut. Et asperiores neque dolor ex harum omnis.',1,1,'2011-08-11 13:56:10'),(96,17,7,'Dolores doloribus hic aut enim. Dolorem minus quis qui eius cum ut dolor eos. Doloremque minus quos quas numquam mollitia sit. Delectus non sit non voluptatem.',1,0,'2011-08-25 01:31:58'),(97,83,16,'Corrupti optio accusamus blanditiis sint. Ipsum ut iste repudiandae perferendis error et ut nam.',1,1,'2014-03-29 05:47:21'),(98,27,11,'Ratione nemo animi minus omnis praesentium dignissimos. Ipsa rem incidunt explicabo quos quia. Vitae laboriosam deserunt numquam ex voluptas aut.',0,0,'2018-07-02 09:46:52'),(99,36,72,'Suscipit repellat a asperiores fuga adipisci et quas. Ea repellat ut fugit quia et et. Et aut non repellat veritatis quisquam qui expedita.',0,1,'2014-10-20 02:06:04'),(100,2,99,'Est voluptatem dignissimos ut tempora et minus adipisci. Perspiciatis saepe eaque corporis ut qui omnis est.',1,0,'2018-04-08 14:10:06');
/*!40000 ALTER TABLE `messages` ENABLE KEYS */;
UNLOCK TABLES;

--
-- Table structure for table `profiles`
--

DROP TABLE IF EXISTS `profiles`;
/*!40101 SET @saved_cs_client     = @@character_set_client */;
/*!50503 SET character_set_client = utf8mb4 */;
CREATE TABLE `profiles` (
  `user_id` int unsigned NOT NULL COMMENT '╨б╤Б╤Л╨╗╨║╨░ ╨╜╨░ ╨┐╨╛╨╗╤М╨╖╨╛╨▓╨░╤В╨╡╨╗╤П',
  `gender` enum('M','F','') COLLATE utf8_unicode_ci DEFAULT NULL,
  `birthday` date DEFAULT NULL COMMENT '╨Ф╨░╤В╨░ ╤А╨╛╨╢╨┤╨╡╨╜╨╕╤П',
  `city` varchar(130) CHARACTER SET utf8 COLLATE utf8_unicode_ci DEFAULT NULL COMMENT '╨У╨╛╤А╨╛╨┤ ╨┐╤А╨╛╨╢╨╕╨▓╨░╨╜╨╕╤П',
  `country` varchar(130) CHARACTER SET utf8 COLLATE utf8_unicode_ci DEFAULT NULL COMMENT '╨б╤В╤А╨░╨╜╨░ ╨┐╤А╨╛╨╢╨╕╨▓╨░╨╜╨╕╤П',
  `created_at` datetime DEFAULT CURRENT_TIMESTAMP COMMENT '╨Т╤А╨╡╨╝╤П ╤Б╨╛╨╖╨┤╨░╨╜╨╕╤П ╤Б╤В╤А╨╛╨║╨╕',
  `updated_at` datetime DEFAULT CURRENT_TIMESTAMP ON UPDATE CURRENT_TIMESTAMP COMMENT '╨Т╤А╨╡╨╝╤П ╨╛╨▒╨╜╨╛╨▓╨╗╨╡╨╜╨╕╤П ╤Б╤В╤А╨╛╨║╨╕',
  PRIMARY KEY (`user_id`)
) ENGINE=InnoDB DEFAULT CHARSET=utf8 COLLATE=utf8_unicode_ci COMMENT='╨Я╤А╨╛╤Д╨╕╨╗╨╕';
/*!40101 SET character_set_client = @saved_cs_client */;

--
-- Dumping data for table `profiles`
--

LOCK TABLES `profiles` WRITE;
/*!40000 ALTER TABLE `profiles` DISABLE KEYS */;
INSERT INTO `profiles` VALUES (1,'F','1998-11-03','North Elijahport','Ukraine','2014-12-27 16:02:57','2020-12-21 19:37:43'),(2,'F','1993-10-22','New Myrl','Nauru','2020-12-03 10:40:03','2020-12-21 19:37:43'),(3,'M','2018-07-18','Viviannemouth','Iraq','2015-12-23 11:34:15','2020-12-21 19:37:43'),(4,'F','1995-02-11','Terrytown','French Guiana','2018-09-28 14:14:20','2020-12-21 19:37:43'),(5,'M','2010-01-14','Lake Mariechester','Cayman Islands','2016-10-22 11:47:02','2020-12-21 19:37:43'),(6,'F','2015-11-20','Port Bentonshire','Norfolk Island','2017-06-02 21:50:14','2020-12-21 19:37:43'),(7,'M','2012-08-10','Jamesonmouth','Norway','2017-04-29 17:43:44','2020-12-21 19:37:43'),(8,'F','2010-06-26','Considinemouth','Cayman Islands','2017-01-05 13:23:54','2020-12-21 19:37:43'),(9,'F','2014-07-15','East Deja','Solomon Islands','2012-08-07 05:18:35','2020-12-21 19:37:43'),(10,'F','2009-03-16','Elmoremouth','Indonesia','2013-12-20 05:51:05','2020-12-21 19:37:43'),(11,'M','2009-09-12','New Evanston','Marshall Islands','2016-12-09 20:47:29','2020-12-21 19:37:43'),(12,'M','2013-09-15','North Reedshire','Portugal','2016-05-18 17:42:02','2020-12-21 19:37:43'),(13,'F','1993-06-09','New Kenyattaville','Congo','2016-07-08 14:19:15','2020-12-21 19:37:43'),(14,'M','1977-02-07','Boganburgh','Pakistan','2016-12-06 15:31:52','2020-12-21 19:37:43'),(15,'F','1978-11-08','West Greggshire','British Indian Ocean Territory (Chagos Archipelago)','2018-08-06 17:44:46','2020-12-21 19:37:43'),(16,'F','1976-10-14','East Jewellhaven','Singapore','2020-08-04 14:11:57','2020-12-21 19:37:43'),(17,'F','2001-01-03','Walkerstad','Trinidad and Tobago','2016-09-28 01:09:47','2020-12-21 19:37:43'),(18,'M','1983-07-29','South Kevinberg','New Caledonia','2015-03-24 19:25:48','2020-12-21 19:37:43'),(19,'M','2006-03-24','Kalebland','Luxembourg','2018-07-13 07:16:18','2020-12-21 19:37:43'),(20,'F','2019-06-18','Alanchester','Sudan','2019-06-16 22:40:19','2020-12-21 19:37:43'),(21,'M','1979-03-06','West Andrewfort','Antigua and Barbuda','2013-09-02 05:00:53','2020-12-21 19:37:43'),(22,'M','2003-03-05','Lake Harmonbury','British Virgin Islands','2013-12-09 18:01:35','2020-12-21 19:37:43'),(23,'M','2005-08-26','South Nia','Ethiopia','2013-08-16 00:49:56','2020-12-21 19:37:43'),(24,'M','2004-09-25','North Jazmyneport','Bahamas','2020-06-11 01:57:48','2020-12-21 19:37:43'),(25,'F','1986-10-17','Breanafurt','Netherlands','2015-08-01 13:03:15','2020-12-21 19:37:43'),(26,'F','2017-06-06','East Vantown','Anguilla','2020-08-24 17:01:48','2020-12-21 19:37:43'),(27,'M','1998-03-08','Cathrynmouth','Slovakia (Slovak Republic)','2011-04-14 18:03:43','2020-12-21 19:37:43'),(28,'F','1971-07-11','New Kelvin','Swaziland','2016-04-01 13:38:13','2020-12-21 19:37:43'),(29,'M','2004-12-14','Hesselville','Brunei Darussalam','2012-03-12 23:48:41','2020-12-21 19:37:43'),(30,'F','1990-10-02','Izaiahville','Turkmenistan','2011-06-26 01:19:26','2020-12-21 19:37:43'),(31,'F','2000-06-22','Rohanchester','France','2019-12-14 07:05:26','2020-12-21 19:37:43'),(32,'F','2008-09-09','Lake Harryberg','Hong Kong','2020-05-07 13:46:57','2020-12-21 19:37:43'),(33,'F','2014-07-29','Jenkinsview','Martinique','2017-09-09 03:23:44','2020-12-21 19:37:43'),(34,'M','2011-06-05','New Kaitlynton','Azerbaijan','2012-03-26 19:19:45','2020-12-21 19:37:43'),(35,'F','2003-02-18','South Ottisstad','Yemen','2011-01-06 10:20:11','2020-12-21 19:37:43'),(36,'M','1973-08-05','North Benton','Canada','2014-03-21 19:14:15','2020-12-21 19:37:43'),(37,'M','2010-04-01','South Jocelynmouth','Tanzania','2017-07-21 12:22:00','2020-12-21 19:37:43'),(38,'F','2000-11-04','Maymieburgh','Sao Tome and Principe','2018-11-05 01:29:57','2020-12-21 19:37:43'),(39,'F','1995-03-22','New Dedricview','Switzerland','2014-03-21 00:00:34','2020-12-21 19:37:43'),(40,'M','1982-04-05','East Francisview','South Georgia and the South Sandwich Islands','2015-06-22 07:03:07','2020-12-21 19:37:43'),(41,'M','1997-02-08','Blancaside','Antigua and Barbuda','2012-01-19 16:58:27','2020-12-21 19:37:43'),(42,'F','2003-02-08','South Sydni','Togo','2013-09-30 01:21:30','2020-12-21 19:37:43'),(43,'F','2007-05-06','South Lisandrofort','Morocco','2016-01-31 19:02:02','2020-12-21 19:37:43'),(44,'F','1996-08-22','Kundemouth','Montserrat','2018-09-11 11:34:53','2020-12-21 19:37:43'),(45,'M','1974-12-12','Rowechester','Mauritius','2016-09-29 16:05:34','2020-12-21 19:37:43'),(46,'F','1978-03-30','Kuhlmanberg','Holy See (Vatican City State)','2016-04-03 10:54:27','2020-12-21 19:37:43'),(47,'F','2006-10-23','Wittingville','Chile','2017-12-20 07:38:56','2020-12-21 19:37:43'),(48,'M','1971-11-23','Port Shawna','Senegal','2012-04-17 14:36:17','2020-12-21 19:37:43'),(49,'M','2012-02-29','Coltstad','Ecuador','2014-12-31 15:05:23','2020-12-21 19:37:43'),(50,'M','2010-08-09','Buckridgeview','Luxembourg','2016-12-11 08:19:34','2020-12-21 19:37:43'),(51,'F','1994-11-24','Alanshire','Haiti','2020-07-26 12:13:17','2020-12-21 19:37:43'),(52,'M','1995-06-23','South Amaraberg','Argentina','2020-08-11 14:49:51','2020-12-21 19:37:43'),(53,'F','2000-07-17','Maidahaven','Myanmar','2014-02-09 07:49:26','2020-12-21 19:37:43'),(54,'F','2006-01-21','Lake Yvettehaven','British Indian Ocean Territory (Chagos Archipelago)','2013-11-01 18:27:31','2020-12-21 19:37:43'),(55,'M','2011-04-01','Port Rodolfohaven','Namibia','2016-07-09 05:20:06','2020-12-21 19:37:43'),(56,'F','1985-04-25','Predovicmouth','Australia','2015-07-13 09:45:15','2020-12-21 19:37:43'),(57,'M','1997-08-15','Raushire','Papua New Guinea','2020-07-29 21:39:50','2020-12-21 19:37:43'),(58,'M','1997-11-29','Enriquemouth','Nicaragua','2012-01-25 10:21:16','2020-12-21 19:37:43'),(59,'F','1999-12-19','East Kevenshire','Madagascar','2016-10-03 18:58:19','2020-12-21 19:37:43'),(60,'M','1983-12-15','North Destinee','China','2015-02-28 08:17:14','2020-12-21 19:37:43'),(61,'M','1989-03-25','New Jaunita','Tuvalu','2012-04-25 03:58:50','2020-12-21 19:37:43'),(62,'F','1975-05-07','West Myrlport','Uganda','2020-07-14 10:58:01','2020-12-21 19:37:43'),(63,'M','1995-05-26','Lake Ruthie','Dominica','2011-03-02 09:56:12','2020-12-21 19:37:43'),(64,'M','1982-08-03','Kutchstad','Canada','2017-08-23 05:48:34','2020-12-21 19:37:43'),(65,'F','1983-03-13','Port Brettton','French Polynesia','2013-06-01 21:32:51','2020-12-21 19:37:43'),(66,'F','1980-02-23','East Laishaberg','Cocos (Keeling) Islands','2015-11-22 00:35:55','2020-12-21 19:37:43'),(67,'F','2001-03-12','Bellebury','Ghana','2018-09-05 09:25:21','2020-12-21 19:37:43'),(68,'F','2006-07-11','Lake Dimitrifort','Cote d\'Ivoire','2016-09-23 19:46:34','2020-12-21 19:37:43'),(69,'M','2009-09-21','Rebekaview','Bouvet Island (Bouvetoya)','2014-06-24 20:42:40','2020-12-21 19:37:43'),(70,'M','1973-11-19','Hicklestad','Mozambique','2012-11-25 17:14:21','2020-12-21 19:37:43'),(71,'F','2001-07-20','Pfannerstillbury','Botswana','2018-04-08 04:50:37','2020-12-21 19:37:43'),(72,'M','1992-02-13','Creminstad','Gibraltar','2012-08-08 19:58:40','2020-12-21 19:37:43'),(73,'M','1980-05-30','West Kallie','Saudi Arabia','2017-06-12 04:33:04','2020-12-21 19:37:43'),(74,'M','2010-09-01','Brownshire','Cote d\'Ivoire','2015-02-18 16:36:19','2020-12-21 19:37:43'),(75,'M','2005-02-28','Ziemeburgh','Honduras','2020-05-11 21:14:42','2020-12-21 19:37:43'),(76,'M','2007-10-02','Predovictown','Mayotte','2012-02-12 13:20:40','2020-12-21 19:37:43'),(77,'F','1978-10-23','West Oswaldmouth','New Zealand','2016-10-05 23:17:04','2020-12-21 19:37:43'),(78,'F','1978-03-15','Marshallburgh','Turkey','2011-07-08 21:18:59','2020-12-21 19:37:43'),(79,'F','2018-11-18','Walshfurt','Ukraine','2020-04-14 04:27:30','2020-12-21 19:37:43'),(80,'F','1977-04-27','Hartmannstad','Tokelau','2016-04-25 10:55:27','2020-12-21 19:37:43'),(81,'M','2011-10-22','Adrienmouth','Bermuda','2016-10-06 14:52:03','2020-12-21 19:37:43'),(82,'M','2013-04-01','North Malachi','Tonga','2012-09-05 06:25:31','2020-12-21 19:37:43'),(83,'F','1995-09-12','South Beaulahberg','Jordan','2017-01-16 21:07:03','2020-12-21 19:37:43'),(84,'M','1981-01-25','Port Myriamfort','Wallis and Futuna','2017-01-26 06:17:09','2020-12-21 19:37:43'),(85,'M','2009-12-01','Leannonborough','Kyrgyz Republic','2017-10-08 20:58:17','2020-12-21 19:37:43'),(86,'F','1982-11-24','East Cadehaven','French Polynesia','2020-07-16 11:51:15','2020-12-21 19:37:43'),(87,'M','1974-03-15','Port Adeline','Zimbabwe','2015-07-27 07:29:28','2020-12-21 19:37:43'),(88,'M','1991-02-13','South Jarretfurt','Solomon Islands','2018-12-07 18:59:40','2020-12-21 19:37:43'),(89,'M','2017-10-31','East Margotbury','Dominica','2015-09-03 21:42:12','2020-12-21 19:37:43'),(90,'M','2001-10-19','South Gussieberg','Brazil','2014-04-26 20:01:55','2020-12-21 19:37:43'),(91,'M','2017-06-17','North Nat','Guyana','2015-02-03 11:30:43','2020-12-21 19:37:43'),(92,'F','1979-12-23','Itzelfurt','Eritrea','2016-12-04 13:03:17','2020-12-21 19:37:43'),(93,'M','2013-06-15','West Eraside','Moldova','2013-03-03 15:17:35','2020-12-21 19:37:43'),(94,'M','1988-02-27','Paucekhaven','Turks and Caicos Islands','2019-09-06 07:21:44','2020-12-21 19:37:43'),(95,'M','1992-01-25','East Celine','Estonia','2017-09-20 08:59:01','2020-12-21 19:37:43'),(96,'M','2019-12-28','West Adolfo','Cyprus','2013-01-14 21:12:32','2020-12-21 19:37:43'),(97,'M','1975-03-14','East Emmy','Pitcairn Islands','2011-01-11 14:20:44','2020-12-21 19:37:43'),(98,'M','2014-09-12','Lindgrenside','Colombia','2014-02-15 08:14:20','2020-12-21 19:37:43'),(99,'F','1982-07-20','New Borisport','Denmark','2013-06-28 20:55:03','2020-12-21 19:37:43'),(100,'M','1991-04-26','Buckridgefort','Chile','2016-03-04 04:47:10','2020-12-21 19:37:43');
/*!40000 ALTER TABLE `profiles` ENABLE KEYS */;
UNLOCK TABLES;

--
-- Table structure for table `users`
--

DROP TABLE IF EXISTS `users`;
/*!40101 SET @saved_cs_client     = @@character_set_client */;
/*!50503 SET character_set_client = utf8mb4 */;
CREATE TABLE `users` (
  `id` int unsigned NOT NULL AUTO_INCREMENT COMMENT '╨Ш╨┤╨╡╨╜╤В╨╕╤Д╨╕╨║╨░╤В╨╛╤А ╤Б╤В╤А╨╛╨║╨╕',
  `first_name` varchar(100) CHARACTER SET utf8 COLLATE utf8_unicode_ci NOT NULL COMMENT '╨Ш╨╝╤П ╨┐╨╛╨╗╤М╨╖╨╛╨▓╨░╤В╨╡╨╗╤П',
  `last_name` varchar(100) CHARACTER SET utf8 COLLATE utf8_unicode_ci NOT NULL COMMENT '╨д╨░╨╝╨╕╨╗╨╕╤П ╨┐╨╛╨╗╤М╨╖╨╛╨▓╨░╤В╨╡╨╗╤П',
  `email` varchar(100) CHARACTER SET utf8 COLLATE utf8_unicode_ci NOT NULL COMMENT '╨Я╨╛╤З╤В╨░',
  `phone` varchar(100) CHARACTER SET utf8 COLLATE utf8_unicode_ci NOT NULL COMMENT '╨в╨╡╨╗╨╡╤Д╨╛╨╜',
  `created_at` datetime DEFAULT CURRENT_TIMESTAMP COMMENT '╨Т╤А╨╡╨╝╤П ╤Б╨╛╨╖╨┤╨░╨╜╨╕╨╡ ╤Б╤В╤А╨╛╨║╨╕',
  `updated_at` datetime DEFAULT CURRENT_TIMESTAMP ON UPDATE CURRENT_TIMESTAMP COMMENT '╨Т╤А╨╡╨╝╤П ╨╛╨▒╨╜╨╛╨▓╨╗╨╡╨╜╨╕╤П ╤Б╤В╤А╨╛╨║╨╕',
  PRIMARY KEY (`id`),
  UNIQUE KEY `email` (`email`),
  UNIQUE KEY `phone` (`phone`)
) ENGINE=InnoDB AUTO_INCREMENT=101 DEFAULT CHARSET=utf8 COLLATE=utf8_unicode_ci COMMENT='╨Я╨╛╨╗╤М╨╖╨╛╨▓╨░╤В╨╡╨╗╨╕';
/*!40101 SET character_set_client = @saved_cs_client */;

--
-- Dumping data for table `users`
--

LOCK TABLES `users` WRITE;
/*!40000 ALTER TABLE `users` DISABLE KEYS */;
INSERT INTO `users` VALUES (1,'Lincoln','Rath','johns.sienna@example.org','478-280-1648x77706','2015-04-20 16:15:12','2019-05-04 06:56:39'),(2,'Delaney','Schneider','qblanda@example.com','609.887.2905x2193','2019-11-04 22:45:50','2020-12-21 19:27:12'),(3,'Jaleel','Gerhold','lruecker@example.org','1-874-488-1151x2327','2015-01-19 09:20:08','2020-12-21 19:27:12'),(4,'Stephania','Littel','georgianna15@example.com','726-977-8207x058','2017-01-18 17:30:33','2017-05-23 21:29:20'),(5,'Magnolia','Jast','block.kaycee@example.org','(175)401-6774x962','2014-05-15 15:11:28','2016-05-20 06:01:53'),(6,'Mona','Kuhic','alena00@example.net','118-718-2951','2011-12-26 09:52:53','2015-10-10 11:33:12'),(7,'Taylor','Ritchie','philip.runte@example.net','+34(3)4372891320','2011-09-23 21:17:43','2014-10-24 11:56:38'),(8,'Deshawn','Weber','lia.veum@example.net','(226)153-1257','2013-03-05 18:52:40','2014-08-18 06:58:47'),(9,'Milton','Emard','zgislason@example.net','795-393-9743','2019-07-23 08:00:53','2020-11-03 15:10:07'),(10,'Nelson','Denesik','rolfson.alena@example.net','1-146-028-2920x5429','2020-04-04 07:48:11','2020-12-21 19:27:12'),(11,'Elvis','Cummerata','amaya17@example.com','(705)922-5462','2012-04-15 02:16:48','2013-08-26 19:44:56'),(12,'Janiya','Hudson','jaskolski.danika@example.org','1-763-978-6496x23175','2013-05-17 19:43:54','2019-08-01 11:31:03'),(13,'Velva','Cruickshank','bailey.arch@example.org','970.399.6775x1257','2020-05-15 03:41:19','2020-12-21 19:27:12'),(14,'Roslyn','Hane','dwaters@example.com','+29(1)1363526660','2013-09-27 02:16:49','2020-12-21 19:27:12'),(15,'Marianne','Kris','dell.greenholt@example.org','958.241.1259','2017-03-27 03:14:08','2020-12-21 19:27:12'),(16,'Abdul','Howell','ihalvorson@example.org','1-845-786-3976x778','2012-08-05 01:35:36','2020-12-21 19:27:12'),(17,'Pete','Torphy','krystal91@example.com','(885)106-5609','2017-04-01 03:12:07','2017-09-21 05:31:18'),(18,'Hester','Lehner','okuhlman@example.net','389-799-6380','2014-02-14 08:28:53','2020-12-21 19:27:12'),(19,'Lilliana','Rohan','twalsh@example.org','1-920-450-3037x502','2015-01-23 07:22:07','2020-12-21 19:27:12'),(20,'Cindy','Beatty','ylueilwitz@example.com','1-820-772-6249x41313','2017-01-09 11:40:22','2017-03-14 14:05:42'),(21,'Estella','DuBuque','gunner15@example.org','(294)352-7086x26973','2018-07-30 17:02:01','2020-12-21 19:27:12'),(22,'Holly','Metz','treutel.jaida@example.com','+90(9)1148476714','2015-02-01 12:50:22','2020-12-21 19:27:12'),(23,'Carmine','Gerlach','ewilkinson@example.org','(577)958-4905x51870','2011-11-05 10:57:56','2020-02-07 23:15:53'),(24,'Tremayne','Jacobson','camron88@example.com','(036)653-2898','2011-09-12 18:00:02','2014-03-29 19:48:34'),(25,'Maximillia','Waters','qhegmann@example.com','111-661-2566','2011-01-03 22:53:13','2015-10-21 21:44:07'),(26,'Audreanne','Greenfelder','nels.langosh@example.com','203-709-3289x8962','2017-12-26 01:23:34','2020-12-21 19:27:12'),(27,'Sim','Runolfsdottir','hollis47@example.com','1-448-194-4425','2014-06-28 17:44:03','2019-07-12 06:15:46'),(28,'Monty','Dickinson','gerlach.susan@example.net','343.560.6533','2018-08-16 05:51:47','2020-12-21 19:27:12'),(29,'Stewart','Volkman','burnice.lynch@example.org','874-313-7434x520','2019-10-15 18:22:49','2020-12-21 19:27:12'),(30,'Syble','Schuster','aryanna38@example.net','(727)369-7366','2014-11-15 20:05:17','2017-03-08 17:11:26'),(31,'Paris','Schiller','juanita.bode@example.com','568.637.4050','2016-12-03 22:44:32','2020-12-21 19:27:12'),(32,'Vidal','Goodwin','ondricka.lina@example.net','1-036-500-6709x0150','2017-12-16 06:02:01','2020-12-21 19:27:12'),(33,'Grace','Wyman','kreilly@example.net','437-963-7579x269','2020-03-28 01:36:59','2020-12-21 19:27:12'),(34,'Wendy','Rempel','hglover@example.net','994.218.3870x024','2013-03-20 13:14:58','2020-07-23 02:27:49'),(35,'Elnora','Dach','russel.loraine@example.org','02600159600','2012-11-17 03:05:50','2015-09-25 04:44:48'),(36,'Tressie','Veum','urohan@example.org','124-329-0643','2013-01-12 04:27:12','2017-08-06 18:49:57'),(37,'Ova','Romaguera','fleffler@example.com','+67(5)9865259492','2020-07-17 08:07:50','2020-12-21 19:27:12'),(38,'Waylon','Lockman','vivienne07@example.net','739-269-1349','2018-02-26 01:37:36','2020-12-21 19:27:12'),(39,'Meggie','Fisher','gaylord.nat@example.org','1-906-410-1174x9490','2011-10-27 14:57:36','2013-05-16 19:45:57'),(40,'Elenora','Hoeger','adooley@example.net','355.314.2836x01517','2012-09-19 11:38:51','2014-05-29 15:58:06'),(41,'Chelsea','Hickle','will74@example.org','00826108511','2013-05-05 17:55:06','2020-11-05 20:58:58'),(42,'Randy','Legros','laurianne40@example.com','468.630.5167x9372','2019-09-01 21:35:25','2020-12-21 19:27:12'),(43,'Pete','Conroy','ankunding.kiley@example.com','(627)010-6802','2013-11-16 08:28:09','2015-01-15 10:43:04'),(44,'Emelia','Rosenbaum','wunsch.raleigh@example.org','02810454562','2016-12-29 13:00:41','2020-12-21 19:27:12'),(45,'Drew','Hackett','mueller.antone@example.com','263-162-5374x7259','2019-07-25 06:20:43','2020-12-21 19:27:12'),(46,'Alexa','Powlowski','johnson.darwin@example.net','1-462-182-9881','2014-01-03 20:36:57','2018-12-20 22:47:48'),(47,'Garland','Pollich','ipadberg@example.org','006-056-0746x012','2016-07-18 04:35:50','2020-12-21 19:27:12'),(48,'Fern','Lemke','cruickshank.laury@example.net','1-864-412-4907','2016-12-16 15:21:31','2017-03-21 12:42:39'),(49,'Pablo','Sawayn','murray74@example.org','+54(1)2360548261','2013-07-09 11:02:25','2016-01-29 00:42:13'),(50,'Korey','Prohaska','leatha.cummings@example.org','(565)586-2597x40710','2014-02-22 15:58:40','2020-12-21 19:27:12'),(51,'Korbin','Hilll','maximillian.cartwright@example.org','1-612-747-7914x4180','2015-04-01 02:06:17','2020-12-21 19:27:12'),(52,'Casper','Lynch','leannon.jaylin@example.net','708-155-6557x3828','2013-07-27 23:16:51','2020-12-21 19:27:12'),(53,'Lula','Kovacek','patricia.murphy@example.org','1-095-398-6179x82186','2018-07-11 23:32:20','2019-09-25 14:44:49'),(54,'Callie','Thiel','raymond64@example.org','160.826.6543x985','2017-07-21 20:19:52','2020-12-21 19:27:12'),(55,'Novella','Hessel','bpfannerstill@example.org','00425500659','2013-07-09 10:11:36','2013-07-31 15:55:57'),(56,'Vicenta','Zieme','phyllis.reilly@example.net','(491)084-9354x80398','2019-12-30 18:55:58','2020-10-19 15:48:49'),(57,'Marilou','Langworth','morar.arjun@example.com','+26(5)1060326311','2012-05-14 12:49:30','2019-03-13 04:11:44'),(58,'Kurt','Will','joy77@example.org','864-037-1645','2019-09-22 17:24:44','2020-12-21 19:27:12'),(59,'Clinton','Romaguera','drodriguez@example.net','1-890-119-1032x625','2017-09-19 08:38:13','2020-08-26 13:52:32'),(60,'Stacey','Carter','pfannerstill.maureen@example.org','569.862.7687x7716','2012-04-02 03:47:20','2017-11-23 05:48:43'),(61,'Durward','Rau','ptoy@example.net','(010)282-8556x887','2018-07-14 15:58:22','2020-12-21 19:27:12'),(62,'Ocie','Mayer','terence34@example.org','1-926-790-2039','2017-09-25 11:01:12','2020-12-21 19:27:12'),(63,'Destin','Dietrich','nadia.lueilwitz@example.com','1-438-059-6804x65695','2018-05-27 15:10:27','2020-12-21 19:27:12'),(64,'Mariana','Leuschke','savion.hintz@example.com','558.804.1151x8640','2017-08-14 22:51:21','2019-06-13 19:44:35'),(65,'Jerrell','Stanton','westley05@example.org','716.181.1502x188','2020-06-24 13:28:00','2020-12-21 19:27:12'),(66,'Holly','Steuber','mina91@example.net','574-718-9962x79959','2011-03-21 23:52:58','2016-04-22 15:03:20'),(67,'Clare','Ryan','dashawn35@example.net','548.502.0937x4403','2018-06-04 18:53:32','2020-12-21 19:27:12'),(68,'Catalina','Rau','ekuhic@example.org','604.157.7896x3312','2012-11-27 04:45:47','2018-07-02 20:20:35'),(69,'Dorian','Murray','polly.pollich@example.net','(525)310-5008x414','2020-11-17 08:02:06','2020-12-21 19:27:12'),(70,'Rebecca','Fay','lblick@example.com','1-586-962-6841x08353','2017-11-22 12:17:09','2020-12-21 19:27:12'),(71,'Domenick','Stroman','zaltenwerth@example.com','1-716-185-4696x475','2016-04-22 11:43:11','2020-12-21 19:27:12'),(72,'Kathleen','Morissette','jhand@example.com','+50(1)7510268466','2018-08-10 18:30:32','2020-12-21 19:27:12'),(73,'Janessa','Jakubowski','marquise95@example.com','925.755.4605','2013-10-06 03:19:07','2015-06-13 13:36:41'),(74,'Keenan','Schulist','hagenes.hope@example.com','430-162-0744x74475','2015-04-30 17:02:38','2017-07-31 07:10:31'),(75,'Laury','Ruecker','pjenkins@example.com','071.515.7139','2020-06-17 21:10:02','2020-12-21 19:27:12'),(76,'Ena','Stokes','efeeney@example.com','491.103.4805','2016-11-20 23:29:05','2018-02-26 01:13:50'),(77,'Oliver','Rohan','cauer@example.net','(791)814-8281x11377','2019-05-03 14:42:58','2020-12-21 19:27:12'),(78,'Connie','McLaughlin','clovis.dicki@example.com','+53(9)5228632741','2013-06-27 20:24:07','2019-10-06 00:19:15'),(79,'Rosalee','Satterfield','kohler.taurean@example.org','634.026.2335x7896','2013-01-12 13:36:02','2020-12-21 19:27:12'),(80,'Weldon','Rippin','angie71@example.com','899.074.9374','2019-11-25 14:43:41','2020-05-29 16:52:53'),(81,'Alvera','Wilderman','bailey68@example.org','755-757-3022','2011-02-18 08:16:38','2016-08-12 10:40:24'),(82,'Stanton','Sporer','jblanda@example.com','324.196.8926x544','2016-05-11 03:24:31','2020-12-21 19:27:12'),(83,'Caroline','Stokes','zmurazik@example.org','+52(5)7290154432','2014-07-27 14:38:55','2014-09-13 21:18:07'),(84,'Citlalli','Stamm','ryder97@example.org','933-763-5318x2187','2018-06-30 18:52:35','2020-12-21 19:27:12'),(85,'Valentine','D\'Amore','hemmerich@example.net','+76(8)2701515675','2014-10-21 14:15:53','2016-06-16 03:15:51'),(86,'Dillan','Stanton','trudie.mraz@example.com','552-739-5745x0232','2015-11-23 10:17:16','2020-12-21 19:27:12'),(87,'Madyson','Rippin','gwendolyn.monahan@example.net','1-038-400-4623x352','2015-05-23 07:46:57','2020-12-21 19:27:12'),(88,'Colt','Kutch','trempel@example.net','(859)312-8733x73476','2016-09-27 03:08:11','2020-12-21 19:27:12'),(89,'Vern','Ritchie','zpowlowski@example.net','492-625-8106x169','2014-04-23 15:27:10','2020-10-11 11:22:08'),(90,'Gino','Keeling','santina.langworth@example.net','08763102184','2020-09-02 00:46:08','2020-12-21 19:27:12'),(91,'Roberta','Graham','zwunsch@example.net','159.905.2371x972','2014-12-17 06:03:35','2019-04-01 07:25:50'),(92,'Brandi','Schmitt','genesis.kohler@example.org','366.370.1160x0410','2011-07-09 14:34:22','2019-11-28 13:48:24'),(93,'Rachael','Marquardt','kohler.kari@example.org','935-330-6228x6565','2013-11-16 12:07:02','2018-02-10 17:17:30'),(94,'Garland','Williamson','lucinda.gutkowski@example.net','891.445.7492x8670','2019-05-27 16:57:49','2020-12-21 19:27:12'),(95,'Bertram','Zulauf','ymcglynn@example.net','00340343661','2018-06-16 01:13:36','2020-12-21 19:27:12'),(96,'Roger','Nader','rrippin@example.com','(136)196-5398x4918','2016-04-02 10:41:23','2016-04-06 07:59:56'),(97,'Emelie','Dietrich','thoeger@example.org','999.295.4446x4167','2017-08-15 19:06:06','2020-12-21 19:27:12'),(98,'Neva','Kertzmann','hosea.hayes@example.org','372.487.7204','2020-05-11 00:59:45','2020-12-21 19:27:12'),(99,'Dudley','Kessler','giles19@example.net','(080)774-4500','2018-09-04 06:50:23','2020-12-21 19:27:12'),(100,'Logan','Cronin','muller.florine@example.com','03364498413','2015-05-29 05:10:32','2020-12-21 19:27:12');
/*!40000 ALTER TABLE `users` ENABLE KEYS */;
UNLOCK TABLES;

--
-- Dumping routines for database 'vk'
--
/*!40103 SET TIME_ZONE=@OLD_TIME_ZONE */;

/*!40101 SET SQL_MODE=@OLD_SQL_MODE */;
/*!40014 SET FOREIGN_KEY_CHECKS=@OLD_FOREIGN_KEY_CHECKS */;
/*!40014 SET UNIQUE_CHECKS=@OLD_UNIQUE_CHECKS */;
/*!40101 SET CHARACTER_SET_CLIENT=@OLD_CHARACTER_SET_CLIENT */;
/*!40101 SET CHARACTER_SET_RESULTS=@OLD_CHARACTER_SET_RESULTS */;
/*!40101 SET COLLATION_CONNECTION=@OLD_COLLATION_CONNECTION */;
/*!40111 SET SQL_NOTES=@OLD_SQL_NOTES */;

-- Dump completed on 2020-12-21 22:11:40
